define protected metaxgpu_kernel void @_Z60paged_decode_case12_kv8_headpair_z8_direct_three_peer_kernelILb1ELb0ELb0EEvPK15__maca_bfloat16S2_S2_PS0_PKiS5_PfS6_S6_iiiif(ptr addrspace(4) noalias nocapture noundef readonly %q.coerce, ptr addrspace(4) noalias nocapture noundef readonly %k_cache.coerce, ptr addrspace(4) noalias nocapture noundef readonly %v_cache.coerce, ptr addrspace(1) noalias nocapture noundef readnone %out.coerce, ptr addrspace(1) noalias nocapture noundef readonly %cache_seqlens.coerce, ptr addrspace(1) noalias nocapture noundef readonly %block_table.coerce, ptr addrspace(1) noalias nocapture noundef writeonly %partial_m.coerce, ptr addrspace(1) noalias nocapture noundef readnone %partial_l.coerce, ptr addrspace(1) noalias nocapture noundef writeonly %partial_acc.coerce, i32 noundef %batch_size, i32 noundef %pages_per_batch, i32 noundef %pages_per_split, i32 noundef %n_split, float noundef %sm_scale) local_unnamed_addr #11 comdat {
entry:
  %0 = tail call noundef range(i32 0, 1024) i32 @llvm.mxc.thread.id.x(), !range !26
  %1 = tail call noundef range(i32 0, 1024) i32 @llvm.mxc.thread.id.y(), !range !26
  %2 = tail call noundef range(i32 0, 1024) i32 @llvm.mxc.thread.id.z(), !range !26
  %3 = tail call noundef range(i32 0, 2147483647) i32 @llvm.mxc.block.id.x(), !range !15
  %shr = lshr i32 %3, 3
  %and = and i32 %3, 7
  %4 = tail call noundef range(i32 0, 2147483647) i32 @llvm.mxc.block.id.y(), !range !15
  %add = add nuw nsw i32 %1, 2
  %mul = shl nuw nsw i32 %and, 2
  %add15 = add nuw nsw i32 %mul, %1
  %add17 = add nuw nsw i32 %mul, %add
  %idxprom = zext nneg i32 %shr to i64
  %arrayidx = getelementptr inbounds i32, ptr addrspace(1) %cache_seqlens.coerce, i64 %idxprom
  %5 = load i32, ptr addrspace(1) %arrayidx, align 4, !tbaa !16
  %div = sdiv i32 %5, 16
  %mul18 = mul i32 %4, %pages_per_split
  %add19 = add nsw i32 %mul18, %pages_per_split
  %cond.i.i = tail call noundef i32 @llvm.smin.i32(i32 %add19, i32 %div)
  %and21 = and i32 %5, 15
  %cmp.not = icmp eq i32 %and21, 0
  br i1 %cmp.not, label %land.end, label %land.rhs

land.rhs:                                         ; preds = %entry
  %cmp22 = icmp sgt i32 %5, 15
  br i1 %cmp22, label %cond.true, label %cond.end

cond.true:                                        ; preds = %land.rhs
  %sub = add nsw i32 %div, -1
  %div23 = sdiv i32 %sub, %pages_per_split
  br label %cond.end

cond.end:                                         ; preds = %land.rhs, %cond.true
  %cond = phi i32 [ %div23, %cond.true ], [ 0, %land.rhs ]
  %cmp24 = icmp eq i32 %4, %cond
  br label %land.end

land.end:                                         ; preds = %cond.end, %entry
  %6 = phi i1 [ false, %entry ], [ %cmp24, %cond.end ]
  %cmp25.not = icmp slt i32 %mul18, %cond.i.i
  %brmerge = select i1 %cmp25.not, i1 true, i1 %6
  br i1 %brmerge, label %if.end, label %cleanup

if.end:                                           ; preds = %land.end
  %mul26 = shl nsw i32 %shr, 5
  %add27 = add nuw nsw i32 %add15, %mul26
  %mul28 = shl nsw i32 %add27, 7
  %idx.ext = zext nneg i32 %mul28 to i64
  %add.ptr = getelementptr inbounds %struct.__maca_bfloat16.1, ptr addrspace(4) %q.coerce, i64 %idx.ext
  %mul29 = shl nuw nsw i32 %0, 2
  %idx.ext30 = zext nneg i32 %mul29 to i64
  %add.ptr31 = getelementptr inbounds i32, ptr addrspace(4) %add.ptr, i64 %idx.ext30
  %add33 = add nuw nsw i32 %add17, %mul26
  %mul34 = shl nsw i32 %add33, 7
  %idx.ext35 = zext nneg i32 %mul34 to i64
  %add.ptr36 = getelementptr inbounds %struct.__maca_bfloat16.1, ptr addrspace(4) %q.coerce, i64 %idx.ext35
  %add.ptr39 = getelementptr inbounds i32, ptr addrspace(4) %add.ptr36, i64 %idx.ext30
  %qpack0.sroa.0.0.copyload = load i32, ptr addrspace(4) %add.ptr31, align 16, !tbaa !16
  %qpack0.sroa.5.0..sroa_idx = getelementptr inbounds i8, ptr addrspace(4) %add.ptr31, i64 4
  %qpack0.sroa.5.0.copyload = load i32, ptr addrspace(4) %qpack0.sroa.5.0..sroa_idx, align 4, !tbaa !16
  %qpack0.sroa.7.0..sroa_idx = getelementptr inbounds i8, ptr addrspace(4) %add.ptr31, i64 8
  %qpack0.sroa.7.0.copyload = load i32, ptr addrspace(4) %qpack0.sroa.7.0..sroa_idx, align 8, !tbaa !16
  %qpack0.sroa.9.0..sroa_idx = getelementptr inbounds i8, ptr addrspace(4) %add.ptr31, i64 12
  %qpack0.sroa.9.0.copyload = load i32, ptr addrspace(4) %qpack0.sroa.9.0..sroa_idx, align 4, !tbaa !16
  %qpack1.sroa.0.0.copyload = load i32, ptr addrspace(4) %add.ptr39, align 16, !tbaa !16
  %qpack1.sroa.5.0..sroa_idx = getelementptr inbounds i8, ptr addrspace(4) %add.ptr39, i64 4
  %qpack1.sroa.5.0.copyload = load i32, ptr addrspace(4) %qpack1.sroa.5.0..sroa_idx, align 4, !tbaa !16
  %qpack1.sroa.7.0..sroa_idx = getelementptr inbounds i8, ptr addrspace(4) %add.ptr39, i64 8
  %qpack1.sroa.7.0.copyload = load i32, ptr addrspace(4) %qpack1.sroa.7.0..sroa_idx, align 8, !tbaa !16
  %qpack1.sroa.9.0..sroa_idx = getelementptr inbounds i8, ptr addrspace(4) %add.ptr39, i64 12
  %qpack1.sroa.9.0.copyload = load i32, ptr addrspace(4) %qpack1.sroa.9.0..sroa_idx, align 4, !tbaa !16
  %conv.i813 = trunc i32 %qpack0.sroa.0.0.copyload to i16
  %7 = tail call contract noundef float @llvm.mxc.bf16.to.f32(i16 %conv.i813)
  %shr.i843 = lshr i32 %qpack0.sroa.0.0.copyload, 16
  %conv.i844 = trunc nuw i32 %shr.i843 to i16
  %8 = tail call contract noundef float @llvm.mxc.bf16.to.f32(i16 %conv.i844)
  %conv.i810 = trunc i32 %qpack0.sroa.5.0.copyload to i16
  %9 = tail call contract noundef float @llvm.mxc.bf16.to.f32(i16 %conv.i810)
  %shr.i839 = lshr i32 %qpack0.sroa.5.0.copyload, 16
  %conv.i840 = trunc nuw i32 %shr.i839 to i16
  %10 = tail call contract noundef float @llvm.mxc.bf16.to.f32(i16 %conv.i840)
  %conv.i807 = trunc i32 %qpack0.sroa.7.0.copyload to i16
  %11 = tail call contract noundef float @llvm.mxc.bf16.to.f32(i16 %conv.i807)
  %shr.i835 = lshr i32 %qpack0.sroa.7.0.copyload, 16
  %conv.i836 = trunc nuw i32 %shr.i835 to i16
  %12 = tail call contract noundef float @llvm.mxc.bf16.to.f32(i16 %conv.i836)
  %conv.i804 = trunc i32 %qpack0.sroa.9.0.copyload to i16
  %13 = tail call contract noundef float @llvm.mxc.bf16.to.f32(i16 %conv.i804)
  %shr.i831 = lshr i32 %qpack0.sroa.9.0.copyload, 16
  %conv.i832 = trunc nuw i32 %shr.i831 to i16
  %14 = tail call contract noundef float @llvm.mxc.bf16.to.f32(i16 %conv.i832)
  %conv.i801 = trunc i32 %qpack1.sroa.0.0.copyload to i16
  %15 = tail call contract noundef float @llvm.mxc.bf16.to.f32(i16 %conv.i801)
  %shr.i827 = lshr i32 %qpack1.sroa.0.0.copyload, 16
  %conv.i828 = trunc nuw i32 %shr.i827 to i16
  %16 = tail call contract noundef float @llvm.mxc.bf16.to.f32(i16 %conv.i828)
  %conv.i798 = trunc i32 %qpack1.sroa.5.0.copyload to i16
  %17 = tail call contract noundef float @llvm.mxc.bf16.to.f32(i16 %conv.i798)
  %shr.i823 = lshr i32 %qpack1.sroa.5.0.copyload, 16
  %conv.i824 = trunc nuw i32 %shr.i823 to i16
  %18 = tail call contract noundef float @llvm.mxc.bf16.to.f32(i16 %conv.i824)
  %conv.i795 = trunc i32 %qpack1.sroa.7.0.copyload to i16
  %19 = tail call contract noundef float @llvm.mxc.bf16.to.f32(i16 %conv.i795)
  %shr.i819 = lshr i32 %qpack1.sroa.7.0.copyload, 16
  %conv.i820 = trunc nuw i32 %shr.i819 to i16
  %20 = tail call contract noundef float @llvm.mxc.bf16.to.f32(i16 %conv.i820)
  %conv.i = trunc i32 %qpack1.sroa.9.0.copyload to i16
  %21 = tail call contract noundef float @llvm.mxc.bf16.to.f32(i16 %conv.i)
  %shr.i = lshr i32 %qpack1.sroa.9.0.copyload, 16
  %conv.i816 = trunc nuw i32 %shr.i to i16
  %22 = tail call contract noundef float @llvm.mxc.bf16.to.f32(i16 %conv.i816)
  %mul85 = fmul contract float %7, %sm_scale
  %mul88 = fmul contract float %15, %sm_scale
  %mul85.1 = fmul contract float %8, %sm_scale
  %mul88.1 = fmul contract float %16, %sm_scale
  %mul85.2 = fmul contract float %9, %sm_scale
  %mul88.2 = fmul contract float %17, %sm_scale
  %mul85.3 = fmul contract float %10, %sm_scale
  %mul88.3 = fmul contract float %18, %sm_scale
  %mul85.4 = fmul contract float %11, %sm_scale
  %mul88.4 = fmul contract float %19, %sm_scale
  %mul85.5 = fmul contract float %12, %sm_scale
  %mul88.5 = fmul contract float %20, %sm_scale
  %mul85.6 = fmul contract float %13, %sm_scale
  %mul88.6 = fmul contract float %21, %sm_scale
  %mul85.7 = fmul contract float %14, %sm_scale
  %mul88.7 = fmul contract float %22, %sm_scale
  %mul92 = mul nsw i32 %shr, %pages_per_batch
  %idx.ext93 = sext i32 %mul92 to i64
  %add.ptr94 = getelementptr inbounds i32, ptr addrspace(1) %block_table.coerce, i64 %idx.ext93
  br i1 %cmp25.not, label %if.then96, label %if.end255

if.then96:                                        ; preds = %if.end
  %idxprom97 = sext i32 %mul18 to i64
  %arrayidx98 = getelementptr inbounds i32, ptr addrspace(1) %add.ptr94, i64 %idxprom97
  %23 = load i32, ptr addrspace(1) %arrayidx98, align 4, !tbaa !16
  %mul.i1408 = shl nuw nsw i32 %2, 1
  %add.i1409 = add nuw nsw i32 %mul.i1408, %1
  %mul2.i1410 = shl nsw i32 %23, 7
  %mul3.i1411 = shl nuw nsw i32 %add.i1409, 3
  %add4.i1412 = add nsw i32 %mul2.i1410, %mul3.i1411
  %add5.i1413 = or disjoint i32 %add4.i1412, %and
  %mul6.i1414 = shl nsw i32 %add5.i1413, 7
  %idx.ext.i1415 = sext i32 %mul6.i1414 to i64
  %add.ptr.i1416 = getelementptr inbounds %struct.__maca_bfloat16.1, ptr addrspace(4) %k_cache.coerce, i64 %idx.ext.i1415
  %add.ptr9.i1419 = getelementptr inbounds i32, ptr addrspace(4) %add.ptr.i1416, i64 %idx.ext30
  %arrayidx12.i1421 = getelementptr inbounds [64 x i32], ptr addrspace(3) @_ZZ60paged_decode_case12_kv8_headpair_z8_direct_three_peer_kernelILb1ELb0ELb0EEvPK15__maca_bfloat16S2_S2_PS0_PKiS5_PfS6_S6_iiiifE9s_storage, i32 %add.i1409, i32 %mul29
  tail call void @llvm.memcpy.p3.p4.i64(ptr addrspace(3) noundef align 16 dereferenceable(16) %arrayidx12.i1421, ptr addrspace(4) noundef align 16 dereferenceable(16) %add.ptr9.i1419, i64 16, i1 false), !tbaa.struct !34, !call_argsrelate !64
  %add.ptr.i1402 = getelementptr inbounds %struct.__maca_bfloat16.1, ptr addrspace(4) %v_cache.coerce, i64 %idx.ext.i1415
  %add.ptr9.i1405 = getelementptr inbounds i32, ptr addrspace(4) %add.ptr.i1402, i64 %idx.ext30
  %arrayidx12.i1407 = getelementptr inbounds [64 x i32], ptr addrspace(3) getelementptr inbounds (i8, ptr addrspace(3) @_ZZ60paged_decode_case12_kv8_headpair_z8_direct_three_peer_kernelILb1ELb0ELb0EEvPK15__maca_bfloat16S2_S2_PS0_PKiS5_PfS6_S6_iiiifE9s_storage, i32 4096), i32 %add.i1409, i32 %mul29
  tail call void @llvm.memcpy.p3.p4.i64(ptr addrspace(3) noundef align 16 dereferenceable(16) %arrayidx12.i1407, ptr addrspace(4) noundef align 16 dereferenceable(16) %add.ptr9.i1405, i64 16, i1 false), !tbaa.struct !34, !call_argsrelate !65
  %and.i1578 = and i32 %0, 4
  %tobool.not.i1579 = icmp eq i32 %and.i1578, 0
  %and120 = and i32 %0, 3
  %24 = shl nuw nsw i32 %2, 4
  %25 = shl nuw nsw i32 %1, 3
  %mul142 = add nuw nsw i32 %24, %25
  %add143 = or disjoint i32 %mul142, %and
  %mul148 = shl nuw nsw i32 %0, 1
  %idx.ext149 = zext nneg i32 %mul148 to i64
  %invariant.gep = getelementptr %struct.uint2.4, ptr addrspace(4) %k_cache.coerce, i64 %idx.ext149
  %invariant.gep2306 = getelementptr %struct.uint2.4, ptr addrspace(4) %v_cache.coerce, i64 %idx.ext149
  %arrayidx4.i1658 = getelementptr inbounds [64 x i32], ptr addrspace(3) getelementptr inbounds (i8, ptr addrspace(3) @_ZZ60paged_decode_case12_kv8_headpair_z8_direct_three_peer_kernelILb1ELb0ELb0EEvPK15__maca_bfloat16S2_S2_PS0_PKiS5_PfS6_S6_iiiifE9s_storage, i32 4096), i32 %mul.i1408, i32 %mul29
  %vpack.i1645.sroa.5.0.arrayidx4.i1658.sroa_idx = getelementptr inbounds i8, ptr addrspace(3) %arrayidx4.i1658, i32 4
  %vpack.i1645.sroa.7.0.arrayidx4.i1658.sroa_idx = getelementptr inbounds i8, ptr addrspace(3) %arrayidx4.i1658, i32 8
  %vpack.i1645.sroa.9.0.arrayidx4.i1658.sroa_idx = getelementptr inbounds i8, ptr addrspace(3) %arrayidx4.i1658, i32 12
  %26 = getelementptr [64 x i32], ptr addrspace(3) getelementptr inbounds (i8, ptr addrspace(3) @_ZZ60paged_decode_case12_kv8_headpair_z8_direct_three_peer_kernelILb1ELb0ELb0EEvPK15__maca_bfloat16S2_S2_PS0_PKiS5_PfS6_S6_iiiifE9s_storage, i32 4096), i32 %mul.i1408
  %arrayidx14.i1778 = getelementptr i8, ptr addrspace(3) %26, i32 256
  %arrayidx17.i1779 = getelementptr inbounds [64 x i32], ptr addrspace(3) %arrayidx14.i1778, i32 0, i32 %mul29
  %vpack11.i1646.sroa.5.0.arrayidx17.i1779.sroa_idx = getelementptr inbounds i8, ptr addrspace(3) %arrayidx17.i1779, i32 4
  %vpack11.i1646.sroa.7.0.arrayidx17.i1779.sroa_idx = getelementptr inbounds i8, ptr addrspace(3) %arrayidx17.i1779, i32 8
  %vpack11.i1646.sroa.9.0.arrayidx17.i1779.sroa_idx = getelementptr inbounds i8, ptr addrspace(3) %arrayidx17.i1779, i32 12
  %arrayidx244 = getelementptr inbounds i8, ptr addrspace(3) %arrayidx12.i1421, i32 4
  %arrayidx245 = getelementptr inbounds i8, ptr addrspace(3) %arrayidx12.i1421, i32 8
  %arrayidx246 = getelementptr inbounds i8, ptr addrspace(3) %arrayidx12.i1421, i32 12
  %arrayidx248 = getelementptr inbounds i8, ptr addrspace(3) %arrayidx12.i1407, i32 4
  %arrayidx249 = getelementptr inbounds i8, ptr addrspace(3) %arrayidx12.i1407, i32 8
  %arrayidx250 = getelementptr inbounds i8, ptr addrspace(3) %arrayidx12.i1407, i32 12
  %27 = sext i32 %cond.i.i to i64
  %vecinit.i.i1463 = insertelement <2 x float> poison, float %mul85, i64 0
  %vecinit2.i.i1465 = insertelement <2 x float> %vecinit.i.i1463, float %mul85.1, i64 1
  %vecinit.i144.i1472 = insertelement <2 x float> poison, float %mul88, i64 0
  %vecinit2.i146.i1474 = insertelement <2 x float> %vecinit.i144.i1472, float %mul88.1, i64 1
  %vecinit.i153.i1493 = insertelement <2 x float> poison, float %mul85.2, i64 0
  %vecinit2.i155.i1495 = insertelement <2 x float> %vecinit.i153.i1493, float %mul85.3, i64 1
  %vecinit.i162.i1503 = insertelement <2 x float> poison, float %mul88.2, i64 0
  %vecinit2.i164.i1505 = insertelement <2 x float> %vecinit.i162.i1503, float %mul88.3, i64 1
  %vecinit.i171.i1524 = insertelement <2 x float> poison, float %mul85.4, i64 0
  %vecinit2.i173.i1526 = insertelement <2 x float> %vecinit.i171.i1524, float %mul85.5, i64 1
  %vecinit.i180.i1534 = insertelement <2 x float> poison, float %mul88.4, i64 0
  %vecinit2.i182.i1536 = insertelement <2 x float> %vecinit.i180.i1534, float %mul88.5, i64 1
  %vecinit.i189.i1555 = insertelement <2 x float> poison, float %mul85.6, i64 0
  %vecinit2.i191.i1557 = insertelement <2 x float> %vecinit.i189.i1555, float %mul85.7, i64 1
  %vecinit.i198.i1565 = insertelement <2 x float> poison, float %mul88.6, i64 0
  %vecinit2.i200.i1567 = insertelement <2 x float> %vecinit.i198.i1565, float %mul88.7, i64 1
  %arrayidx117 = getelementptr inbounds [64 x i32], ptr addrspace(3) @_ZZ60paged_decode_case12_kv8_headpair_z8_direct_three_peer_kernelILb1ELb0ELb0EEvPK15__maca_bfloat16S2_S2_PS0_PKiS5_PfS6_S6_iiiifE9s_storage, i32 %mul.i1408, i32 %mul29
  %kpack.sroa.5.0.arrayidx117.sroa_idx = getelementptr inbounds i8, ptr addrspace(3) %arrayidx117, i32 4
  %kpack.sroa.7.0.arrayidx117.sroa_idx = getelementptr inbounds i8, ptr addrspace(3) %arrayidx117, i32 8
  %kpack.sroa.9.0.arrayidx117.sroa_idx = getelementptr inbounds i8, ptr addrspace(3) %arrayidx117, i32 12
  %cmp121 = icmp eq i32 %and120, 0
  %add112.1 = or disjoint i32 %mul.i1408, 1
  %arrayidx117.1 = getelementptr inbounds [64 x i32], ptr addrspace(3) @_ZZ60paged_decode_case12_kv8_headpair_z8_direct_three_peer_kernelILb1ELb0ELb0EEvPK15__maca_bfloat16S2_S2_PS0_PKiS5_PfS6_S6_iiiifE9s_storage, i32 %add112.1, i32 %mul29
  %kpack.sroa.5.0.arrayidx117.sroa_idx.1 = getelementptr inbounds i8, ptr addrspace(3) %arrayidx117.1, i32 4
  %kpack.sroa.7.0.arrayidx117.sroa_idx.1 = getelementptr inbounds i8, ptr addrspace(3) %arrayidx117.1, i32 8
  %kpack.sroa.9.0.arrayidx117.sroa_idx.1 = getelementptr inbounds i8, ptr addrspace(3) %arrayidx117.1, i32 12
  %cmp121.1 = icmp eq i32 %and120, 1
  %28 = shl nuw nsw i32 %add143, 7
  br label %for.body102

for.body102:                                      ; preds = %if.then96, %if.end251
  %acc0.sroa.144.0 = phi <2 x float> [ zeroinitializer, %if.then96 ], [ %148, %if.end251 ]
  %acc0.sroa.97.0 = phi <2 x float> [ zeroinitializer, %if.then96 ], [ %144, %if.end251 ]
  %acc0.sroa.50.0 = phi <2 x float> [ zeroinitializer, %if.then96 ], [ %140, %if.end251 ]
  %acc0.sroa.0.0 = phi <2 x float> [ zeroinitializer, %if.then96 ], [ %136, %if.end251 ]
  %acc1.sroa.144.0 = phi <2 x float> [ zeroinitializer, %if.then96 ], [ %149, %if.end251 ]
  %acc1.sroa.97.0 = phi <2 x float> [ zeroinitializer, %if.then96 ], [ %145, %if.end251 ]
  %acc1.sroa.50.0 = phi <2 x float> [ zeroinitializer, %if.then96 ], [ %141, %if.end251 ]
  %acc1.sroa.0.0 = phi <2 x float> [ zeroinitializer, %if.then96 ], [ %137, %if.end251 ]
  %indvars.iv = phi i64 [ %idxprom97, %if.then96 ], [ %indvars.iv.next, %if.end251 ]
  %m0.02304 = phi float [ 0xFFF0000000000000, %if.then96 ], [ %cond177, %if.end251 ]
  %m1.02303 = phi float [ 0xFFF0000000000000, %if.then96 ], [ %cond182, %if.end251 ]
  %l0.02302 = phi float [ 0.000000e+00, %if.then96 ], [ %add9.i1776, %if.end251 ]
  %l1.02301 = phi float [ 0.000000e+00, %if.then96 ], [ %add10.i1777, %if.end251 ]
  fence syncscope("warp") release
  tail call void @llvm.mxc.barrier.warp()
  fence syncscope("warp") acquire
  %kpack.sroa.0.0.copyload = load i32, ptr addrspace(3) %arrayidx117, align 16, !tbaa !16
  %kpack.sroa.5.0.copyload = load i32, ptr addrspace(3) %kpack.sroa.5.0.arrayidx117.sroa_idx, align 4, !tbaa !16
  %kpack.sroa.7.0.copyload = load i32, ptr addrspace(3) %kpack.sroa.7.0.arrayidx117.sroa_idx, align 8, !tbaa !16
  %kpack.sroa.9.0.copyload = load i32, ptr addrspace(3) %kpack.sroa.9.0.arrayidx117.sroa_idx, align 4, !tbaa !16
  %conv.i98.i1453 = trunc i32 %kpack.sroa.0.0.copyload to i16
  %29 = tail call contract noundef float @llvm.mxc.bf16.to.f32(i16 %conv.i98.i1453)
  %shr.i112.i1458 = lshr i32 %kpack.sroa.0.0.copyload, 16
  %conv.i113.i1459 = trunc nuw i32 %shr.i112.i1458 to i16
  %30 = tail call contract noundef float @llvm.mxc.bf16.to.f32(i16 %conv.i113.i1459)
  %vecinit4.i.i1466 = insertelement <2 x float> poison, float %29, i64 0
  %vecinit6.i.i1468 = insertelement <2 x float> %vecinit4.i.i1466, float %30, i64 1
  %31 = tail call contract <2 x float> @llvm.mxc.pk.fma.f32(<2 x float> %vecinit2.i.i1465, <2 x float> %vecinit6.i.i1468, <2 x float> zeroinitializer)
  %32 = tail call contract <2 x float> @llvm.mxc.pk.fma.f32(<2 x float> %vecinit2.i146.i1474, <2 x float> %vecinit6.i.i1468, <2 x float> zeroinitializer)
  %conv.i95.i1482 = trunc i32 %kpack.sroa.5.0.copyload to i16
  %33 = tail call contract noundef float @llvm.mxc.bf16.to.f32(i16 %conv.i95.i1482)
  %shr.i108.i1487 = lshr i32 %kpack.sroa.5.0.copyload, 16
  %conv.i109.i1488 = trunc nuw i32 %shr.i108.i1487 to i16
  %34 = tail call contract noundef float @llvm.mxc.bf16.to.f32(i16 %conv.i109.i1488)
  %vecinit4.i156.i1496 = insertelement <2 x float> poison, float %33, i64 0
  %vecinit6.i158.i1498 = insertelement <2 x float> %vecinit4.i156.i1496, float %34, i64 1
  %35 = tail call contract <2 x float> @llvm.mxc.pk.fma.f32(<2 x float> %vecinit2.i155.i1495, <2 x float> %vecinit6.i158.i1498, <2 x float> %31)
  %36 = tail call contract <2 x float> @llvm.mxc.pk.fma.f32(<2 x float> %vecinit2.i164.i1505, <2 x float> %vecinit6.i158.i1498, <2 x float> %32)
  %conv.i92.i1513 = trunc i32 %kpack.sroa.7.0.copyload to i16
  %37 = tail call contract noundef float @llvm.mxc.bf16.to.f32(i16 %conv.i92.i1513)
  %shr.i104.i1518 = lshr i32 %kpack.sroa.7.0.copyload, 16
  %conv.i105.i1519 = trunc nuw i32 %shr.i104.i1518 to i16
  %38 = tail call contract noundef float @llvm.mxc.bf16.to.f32(i16 %conv.i105.i1519)
  %vecinit4.i174.i1527 = insertelement <2 x float> poison, float %37, i64 0
  %vecinit6.i176.i1529 = insertelement <2 x float> %vecinit4.i174.i1527, float %38, i64 1
  %39 = tail call contract <2 x float> @llvm.mxc.pk.fma.f32(<2 x float> %vecinit2.i173.i1526, <2 x float> %vecinit6.i176.i1529, <2 x float> %35)
  %40 = tail call contract <2 x float> @llvm.mxc.pk.fma.f32(<2 x float> %vecinit2.i182.i1536, <2 x float> %vecinit6.i176.i1529, <2 x float> %36)
  %conv.i.i1544 = trunc i32 %kpack.sroa.9.0.copyload to i16
  %41 = tail call contract noundef float @llvm.mxc.bf16.to.f32(i16 %conv.i.i1544)
  %shr.i.i1549 = lshr i32 %kpack.sroa.9.0.copyload, 16
  %conv.i101.i1550 = trunc nuw i32 %shr.i.i1549 to i16
  %42 = tail call contract noundef float @llvm.mxc.bf16.to.f32(i16 %conv.i101.i1550)
  %vecinit4.i192.i1558 = insertelement <2 x float> poison, float %41, i64 0
  %vecinit6.i194.i1560 = insertelement <2 x float> %vecinit4.i192.i1558, float %42, i64 1
  %43 = tail call contract <2 x float> @llvm.mxc.pk.fma.f32(<2 x float> %vecinit2.i191.i1557, <2 x float> %vecinit6.i194.i1560, <2 x float> %39)
  %44 = tail call contract <2 x float> @llvm.mxc.pk.fma.f32(<2 x float> %vecinit2.i200.i1567, <2 x float> %vecinit6.i194.i1560, <2 x float> %40)
  %shift = shufflevector <2 x float> %43, <2 x float> poison, <2 x i32> <i32 1, i32 poison>
  %45 = fadd contract <2 x float> %43, %shift
  %add.i1575 = extractelement <2 x float> %45, i64 0
  %shift2873 = shufflevector <2 x float> %44, <2 x float> poison, <2 x i32> <i32 1, i32 poison>
  %46 = fadd contract <2 x float> %44, %shift2873
  %add52.i1577 = extractelement <2 x float> %46, i64 0
  %cond.i1580 = select contract i1 %tobool.not.i1579, float %add52.i1577, float %add.i1575
  %47 = bitcast float %cond.i1580 to i32
  %48 = tail call i32 @llvm.mxc.mov.shfl.i32(i32 %47, i32 292, i32 15, i32 15, i1 false)
  %49 = bitcast i32 %48 to float
  %cond59.i1581 = select contract i1 %tobool.not.i1579, float %add.i1575, float %add52.i1577
  %add60.i1582 = fadd contract float %cond59.i1581, %49
  %50 = bitcast float %add60.i1582 to i32
  %51 = tail call i32 @llvm.mxc.mov.shfl.i32(i32 %50, i32 296, i32 15, i32 15, i1 false)
  %52 = bitcast i32 %51 to float
  %add62.i1583 = fadd contract float %add60.i1582, %52
  %53 = bitcast float %add62.i1583 to i32
  %54 = tail call i32 @llvm.mxc.mov.shfl.i32(i32 %53, i32 78, i32 15, i32 15, i1 false)
  %55 = bitcast i32 %54 to float
  %add64.i1584 = fadd contract float %add62.i1583, %55
  %56 = bitcast float %add64.i1584 to i32
  %57 = tail call i32 @llvm.mxc.mov.shfl.i32(i32 %56, i32 177, i32 15, i32 15, i1 false)
  %58 = bitcast i32 %57 to float
  %add66.i1585 = fadd contract float %add64.i1584, %58
  %spec.select = select i1 %cmp121, float %add66.i1585, float 0xFFF0000000000000
  %59 = tail call contract noundef float @llvm.maxnum.f32(float %add66.i1585, float 0xFFF0000000000000)
  %kpack.sroa.0.0.copyload.1 = load i32, ptr addrspace(3) %arrayidx117.1, align 16, !tbaa !16
  %kpack.sroa.5.0.copyload.1 = load i32, ptr addrspace(3) %kpack.sroa.5.0.arrayidx117.sroa_idx.1, align 4, !tbaa !16
  %kpack.sroa.7.0.copyload.1 = load i32, ptr addrspace(3) %kpack.sroa.7.0.arrayidx117.sroa_idx.1, align 8, !tbaa !16
  %kpack.sroa.9.0.copyload.1 = load i32, ptr addrspace(3) %kpack.sroa.9.0.arrayidx117.sroa_idx.1, align 4, !tbaa !16
  %conv.i98.i1453.1 = trunc i32 %kpack.sroa.0.0.copyload.1 to i16
  %60 = tail call contract noundef float @llvm.mxc.bf16.to.f32(i16 %conv.i98.i1453.1)
  %shr.i112.i1458.1 = lshr i32 %kpack.sroa.0.0.copyload.1, 16
  %conv.i113.i1459.1 = trunc nuw i32 %shr.i112.i1458.1 to i16
  %61 = tail call contract noundef float @llvm.mxc.bf16.to.f32(i16 %conv.i113.i1459.1)
  %vecinit4.i.i1466.1 = insertelement <2 x float> poison, float %60, i64 0
  %vecinit6.i.i1468.1 = insertelement <2 x float> %vecinit4.i.i1466.1, float %61, i64 1
  %62 = tail call contract <2 x float> @llvm.mxc.pk.fma.f32(<2 x float> %vecinit2.i.i1465, <2 x float> %vecinit6.i.i1468.1, <2 x float> zeroinitializer)
  %63 = tail call contract <2 x float> @llvm.mxc.pk.fma.f32(<2 x float> %vecinit2.i146.i1474, <2 x float> %vecinit6.i.i1468.1, <2 x float> zeroinitializer)
  %conv.i95.i1482.1 = trunc i32 %kpack.sroa.5.0.copyload.1 to i16
  %64 = tail call contract noundef float @llvm.mxc.bf16.to.f32(i16 %conv.i95.i1482.1)
  %shr.i108.i1487.1 = lshr i32 %kpack.sroa.5.0.copyload.1, 16
  %conv.i109.i1488.1 = trunc nuw i32 %shr.i108.i1487.1 to i16
  %65 = tail call contract noundef float @llvm.mxc.bf16.to.f32(i16 %conv.i109.i1488.1)
  %vecinit4.i156.i1496.1 = insertelement <2 x float> poison, float %64, i64 0
  %vecinit6.i158.i1498.1 = insertelement <2 x float> %vecinit4.i156.i1496.1, float %65, i64 1
  %66 = tail call contract <2 x float> @llvm.mxc.pk.fma.f32(<2 x float> %vecinit2.i155.i1495, <2 x float> %vecinit6.i158.i1498.1, <2 x float> %62)
  %67 = tail call contract <2 x float> @llvm.mxc.pk.fma.f32(<2 x float> %vecinit2.i164.i1505, <2 x float> %vecinit6.i158.i1498.1, <2 x float> %63)
  %conv.i92.i1513.1 = trunc i32 %kpack.sroa.7.0.copyload.1 to i16
  %68 = tail call contract noundef float @llvm.mxc.bf16.to.f32(i16 %conv.i92.i1513.1)
  %shr.i104.i1518.1 = lshr i32 %kpack.sroa.7.0.copyload.1, 16
  %conv.i105.i1519.1 = trunc nuw i32 %shr.i104.i1518.1 to i16
  %69 = tail call contract noundef float @llvm.mxc.bf16.to.f32(i16 %conv.i105.i1519.1)
  %vecinit4.i174.i1527.1 = insertelement <2 x float> poison, float %68, i64 0
  %vecinit6.i176.i1529.1 = insertelement <2 x float> %vecinit4.i174.i1527.1, float %69, i64 1
  %70 = tail call contract <2 x float> @llvm.mxc.pk.fma.f32(<2 x float> %vecinit2.i173.i1526, <2 x float> %vecinit6.i176.i1529.1, <2 x float> %66)
  %71 = tail call contract <2 x float> @llvm.mxc.pk.fma.f32(<2 x float> %vecinit2.i182.i1536, <2 x float> %vecinit6.i176.i1529.1, <2 x float> %67)
  %conv.i.i1544.1 = trunc i32 %kpack.sroa.9.0.copyload.1 to i16
  %72 = tail call contract noundef float @llvm.mxc.bf16.to.f32(i16 %conv.i.i1544.1)
  %shr.i.i1549.1 = lshr i32 %kpack.sroa.9.0.copyload.1, 16
  %conv.i101.i1550.1 = trunc nuw i32 %shr.i.i1549.1 to i16
  %73 = tail call contract noundef float @llvm.mxc.bf16.to.f32(i16 %conv.i101.i1550.1)
  %vecinit4.i192.i1558.1 = insertelement <2 x float> poison, float %72, i64 0
  %vecinit6.i194.i1560.1 = insertelement <2 x float> %vecinit4.i192.i1558.1, float %73, i64 1
  %74 = tail call contract <2 x float> @llvm.mxc.pk.fma.f32(<2 x float> %vecinit2.i191.i1557, <2 x float> %vecinit6.i194.i1560.1, <2 x float> %70)
  %75 = tail call contract <2 x float> @llvm.mxc.pk.fma.f32(<2 x float> %vecinit2.i200.i1567, <2 x float> %vecinit6.i194.i1560.1, <2 x float> %71)
  %shift2874 = shufflevector <2 x float> %74, <2 x float> poison, <2 x i32> <i32 1, i32 poison>
  %76 = fadd contract <2 x float> %74, %shift2874
  %add.i1575.1 = extractelement <2 x float> %76, i64 0
  %shift2875 = shufflevector <2 x float> %75, <2 x float> poison, <2 x i32> <i32 1, i32 poison>
  %77 = fadd contract <2 x float> %75, %shift2875
  %add52.i1577.1 = extractelement <2 x float> %77, i64 0
  %cond.i1580.1 = select contract i1 %tobool.not.i1579, float %add52.i1577.1, float %add.i1575.1
  %78 = bitcast float %cond.i1580.1 to i32
  %79 = tail call i32 @llvm.mxc.mov.shfl.i32(i32 %78, i32 292, i32 15, i32 15, i1 false)
  %80 = bitcast i32 %79 to float
  %cond59.i1581.1 = select contract i1 %tobool.not.i1579, float %add.i1575.1, float %add52.i1577.1
  %add60.i1582.1 = fadd contract float %cond59.i1581.1, %80
  %81 = bitcast float %add60.i1582.1 to i32
  %82 = tail call i32 @llvm.mxc.mov.shfl.i32(i32 %81, i32 296, i32 15, i32 15, i1 false)
  %83 = bitcast i32 %82 to float
  %add62.i1583.1 = fadd contract float %add60.i1582.1, %83
  %84 = bitcast float %add62.i1583.1 to i32
  %85 = tail call i32 @llvm.mxc.mov.shfl.i32(i32 %84, i32 78, i32 15, i32 15, i1 false)
  %86 = bitcast i32 %85 to float
  %add64.i1584.1 = fadd contract float %add62.i1583.1, %86
  %87 = bitcast float %add64.i1584.1 to i32
  %88 = tail call i32 @llvm.mxc.mov.shfl.i32(i32 %87, i32 177, i32 15, i32 15, i1 false)
  %89 = bitcast i32 %88 to float
  %add66.i1585.1 = fadd contract float %add64.i1584.1, %89
  %spec.select.1 = select i1 %cmp121.1, float %add66.i1585.1, float %spec.select
  %90 = tail call contract noundef float @llvm.maxnum.f32(float %59, float %add66.i1585.1)
  %91 = bitcast float %90 to i32
  %92 = tail call i32 @llvm.mxc.mov.shfl.i32(i32 %91, i32 336, i32 15, i32 15, i1 false)
  %93 = bitcast i32 %92 to float
  %94 = tail call i32 @llvm.mxc.mov.shfl.i32(i32 %91, i32 340, i32 15, i32 15, i1 false)
  %95 = bitcast i32 %94 to float
  %indvars.iv.next = add nsw i64 %indvars.iv, 1
  %cmp131 = icmp slt i64 %indvars.iv.next, %27
  br i1 %cmp131, label %if.then134, label %if.end168

if.then134:                                       ; preds = %for.body102
  %arrayidx137 = getelementptr inbounds i32, ptr addrspace(1) %add.ptr94, i64 %indvars.iv.next
  %96 = load i32, ptr addrspace(1) %arrayidx137, align 4, !tbaa !16
  %97 = shl i32 %96, 14
  %mul145 = add i32 %97, %28
  %idx.ext146 = sext i32 %mul145 to i64
  %gep = getelementptr %struct.__maca_bfloat16.1, ptr addrspace(4) %invariant.gep, i64 %idx.ext146
  %gep2307 = getelementptr %struct.__maca_bfloat16.1, ptr addrspace(4) %invariant.gep2306, i64 %idx.ext146
  %next_k01.sroa.0.0.copyload = load i32, ptr addrspace(4) %gep, align 8, !tbaa !16
  %next_k01.sroa.4.0.arrayidx156.sroa_idx = getelementptr inbounds i8, ptr addrspace(4) %gep, i64 4
  %next_k01.sroa.4.0.copyload = load i32, ptr addrspace(4) %next_k01.sroa.4.0.arrayidx156.sroa_idx, align 4, !tbaa !16
  %arrayidx157 = getelementptr inbounds i8, ptr addrspace(4) %gep, i64 8
  %next_k23.sroa.0.0.copyload = load i32, ptr addrspace(4) %arrayidx157, align 8, !tbaa !16
  %next_k23.sroa.4.0.arrayidx157.sroa_idx = getelementptr inbounds i8, ptr addrspace(4) %gep, i64 12
  %next_k23.sroa.4.0.copyload = load i32, ptr addrspace(4) %next_k23.sroa.4.0.arrayidx157.sroa_idx, align 4, !tbaa !16
  %next_v01.sroa.0.0.copyload = load i32, ptr addrspace(4) %gep2307, align 8, !tbaa !16
  %next_v01.sroa.4.0.arrayidx158.sroa_idx = getelementptr inbounds i8, ptr addrspace(4) %gep2307, i64 4
  %next_v01.sroa.4.0.copyload = load i32, ptr addrspace(4) %next_v01.sroa.4.0.arrayidx158.sroa_idx, align 4, !tbaa !16
  %arrayidx159 = getelementptr inbounds i8, ptr addrspace(4) %gep2307, i64 8
  %next_v23.sroa.0.0.copyload = load i32, ptr addrspace(4) %arrayidx159, align 8, !tbaa !16
  %next_v23.sroa.4.0.arrayidx159.sroa_idx = getelementptr inbounds i8, ptr addrspace(4) %gep2307, i64 12
  %next_v23.sroa.4.0.copyload = load i32, ptr addrspace(4) %next_v23.sroa.4.0.arrayidx159.sroa_idx, align 4, !tbaa !16
  br label %if.end168

if.end168:                                        ; preds = %if.then134, %for.body102
  %next_v3.0 = phi i32 [ %next_v23.sroa.4.0.copyload, %if.then134 ], [ 0, %for.body102 ]
  %next_v2.0 = phi i32 [ %next_v23.sroa.0.0.copyload, %if.then134 ], [ 0, %for.body102 ]
  %next_v1.0 = phi i32 [ %next_v01.sroa.4.0.copyload, %if.then134 ], [ 0, %for.body102 ]
  %next_v0.0 = phi i32 [ %next_v01.sroa.0.0.copyload, %if.then134 ], [ 0, %for.body102 ]
  %next_k3.0 = phi i32 [ %next_k23.sroa.4.0.copyload, %if.then134 ], [ 0, %for.body102 ]
  %next_k2.0 = phi i32 [ %next_k23.sroa.0.0.copyload, %if.then134 ], [ 0, %for.body102 ]
  %next_k1.0 = phi i32 [ %next_k01.sroa.4.0.copyload, %if.then134 ], [ 0, %for.body102 ]
  %next_k0.0 = phi i32 [ %next_k01.sroa.0.0.copyload, %if.then134 ], [ 0, %for.body102 ]
  %cmp169 = fcmp contract olt float %m0.02304, %93
  %cmp171 = fcmp contract olt float %m1.02303, %95
  %cond177 = select contract i1 %cmp169, float %93, float %m0.02304
  %cond182 = select contract i1 %cmp171, float %95, float %m1.02303
  %cmp185 = fcmp contract ogt float %l0.02302, 0.000000e+00
  %or.cond = select i1 %cmp169, i1 %cmp185, i1 false
  br i1 %or.cond, label %if.then186, label %if.end203

if.then186:                                       ; preds = %if.end168
  %sub187 = fsub contract float %m0.02304, %cond177
  %98 = tail call contract float @llvm.exp2.f32(float %sub187)
  %mul188 = fmul contract float %l0.02302, %98
  %vecinit3.i1109 = insertelement <2 x float> poison, float %98, i64 0
  %vecinit4.i1110 = shufflevector <2 x float> %vecinit3.i1109, <2 x float> poison, <2 x i32> zeroinitializer
  %99 = tail call contract <2 x float> @llvm.mxc.pk.fma.f32(<2 x float> %acc0.sroa.0.0, <2 x float> %vecinit4.i1110, <2 x float> zeroinitializer)
  %100 = tail call contract <2 x float> @llvm.mxc.pk.fma.f32(<2 x float> %acc0.sroa.50.0, <2 x float> %vecinit4.i1110, <2 x float> zeroinitializer)
  %101 = tail call contract <2 x float> @llvm.mxc.pk.fma.f32(<2 x float> %acc0.sroa.97.0, <2 x float> %vecinit4.i1110, <2 x float> zeroinitializer)
  %102 = tail call contract <2 x float> @llvm.mxc.pk.fma.f32(<2 x float> %acc0.sroa.144.0, <2 x float> %vecinit4.i1110, <2 x float> zeroinitializer)
  br label %if.end203

if.end203:                                        ; preds = %if.then186, %if.end168
  %acc0.sroa.144.1 = phi <2 x float> [ %102, %if.then186 ], [ %acc0.sroa.144.0, %if.end168 ]
  %acc0.sroa.97.1 = phi <2 x float> [ %101, %if.then186 ], [ %acc0.sroa.97.0, %if.end168 ]
  %acc0.sroa.50.1 = phi <2 x float> [ %100, %if.then186 ], [ %acc0.sroa.50.0, %if.end168 ]
  %acc0.sroa.0.1 = phi <2 x float> [ %99, %if.then186 ], [ %acc0.sroa.0.0, %if.end168 ]
  %l0.1 = phi float [ %mul188, %if.then186 ], [ %l0.02302, %if.end168 ]
  %cmp206 = fcmp contract ogt float %l1.02301, 0.000000e+00
  %or.cond562 = select i1 %cmp171, i1 %cmp206, i1 false
  br i1 %or.cond562, label %if.then207, label %if.end224

if.then207:                                       ; preds = %if.end203
  %sub208 = fsub contract float %m1.02303, %cond182
  %103 = tail call contract float @llvm.exp2.f32(float %sub208)
  %mul209 = fmul contract float %l1.02301, %103
  %vecinit3.i1129 = insertelement <2 x float> poison, float %103, i64 0
  %vecinit4.i1130 = shufflevector <2 x float> %vecinit3.i1129, <2 x float> poison, <2 x i32> zeroinitializer
  %104 = tail call contract <2 x float> @llvm.mxc.pk.fma.f32(<2 x float> %acc1.sroa.0.0, <2 x float> %vecinit4.i1130, <2 x float> zeroinitializer)
  %105 = tail call contract <2 x float> @llvm.mxc.pk.fma.f32(<2 x float> %acc1.sroa.50.0, <2 x float> %vecinit4.i1130, <2 x float> zeroinitializer)
  %106 = tail call contract <2 x float> @llvm.mxc.pk.fma.f32(<2 x float> %acc1.sroa.97.0, <2 x float> %vecinit4.i1130, <2 x float> zeroinitializer)
  %107 = tail call contract <2 x float> @llvm.mxc.pk.fma.f32(<2 x float> %acc1.sroa.144.0, <2 x float> %vecinit4.i1130, <2 x float> zeroinitializer)
  br label %if.end224

if.end224:                                        ; preds = %if.then207, %if.end203
  %acc1.sroa.144.1 = phi <2 x float> [ %107, %if.then207 ], [ %acc1.sroa.144.0, %if.end203 ]
  %acc1.sroa.97.1 = phi <2 x float> [ %106, %if.then207 ], [ %acc1.sroa.97.0, %if.end203 ]
  %acc1.sroa.50.1 = phi <2 x float> [ %105, %if.then207 ], [ %acc1.sroa.50.0, %if.end203 ]
  %acc1.sroa.0.1 = phi <2 x float> [ %104, %if.then207 ], [ %acc1.sroa.0.0, %if.end203 ]
  %l1.1 = phi float [ %mul209, %if.then207 ], [ %l1.02301, %if.end203 ]
  %cond.i1651 = select contract i1 %tobool.not.i1579, float %cond177, float %cond182
  %sub.i1652 = fsub contract float %spec.select.1, %cond.i1651
  %108 = tail call contract float @llvm.exp2.f32(float %sub.i1652)
  %109 = bitcast float %108 to i32
  %110 = tail call i32 @llvm.mxc.mov.shfl.i32(i32 %109, i32 336, i32 15, i32 15, i1 false)
  %111 = bitcast i32 %110 to float
  %112 = tail call i32 @llvm.mxc.mov.shfl.i32(i32 %109, i32 340, i32 15, i32 15, i1 false)
  %113 = bitcast i32 %112 to float
  %add.i1653 = fadd contract float %l0.1, %111
  %add2.i1654 = fadd contract float %l1.1, %113
  %vpack.i1645.sroa.0.0.copyload = load i32, ptr addrspace(3) %arrayidx4.i1658, align 16, !tbaa !16
  %vpack.i1645.sroa.5.0.copyload = load i32, ptr addrspace(3) %vpack.i1645.sroa.5.0.arrayidx4.i1658.sroa_idx, align 4, !tbaa !16
  %vpack.i1645.sroa.7.0.copyload = load i32, ptr addrspace(3) %vpack.i1645.sroa.7.0.arrayidx4.i1658.sroa_idx, align 8, !tbaa !16
  %vpack.i1645.sroa.9.0.copyload = load i32, ptr addrspace(3) %vpack.i1645.sroa.9.0.arrayidx4.i1658.sroa_idx, align 4, !tbaa !16
  %conv.i55.i58.i1663 = trunc i32 %vpack.i1645.sroa.0.0.copyload to i16
  %114 = tail call contract noundef float @llvm.mxc.bf16.to.f32(i16 %conv.i55.i58.i1663)
  %shr.i69.i63.i1668 = lshr i32 %vpack.i1645.sroa.0.0.copyload, 16
  %conv.i70.i64.i1669 = trunc nuw i32 %shr.i69.i63.i1668 to i16
  %115 = tail call contract noundef float @llvm.mxc.bf16.to.f32(i16 %conv.i70.i64.i1669)
  %vecinit.i156.i1673 = insertelement <2 x float> poison, float %114, i64 0
  %vecinit2.i158.i1675 = insertelement <2 x float> %vecinit.i156.i1673, float %115, i64 1
  %vecinit3.i159.i1676 = insertelement <2 x float> poison, float %111, i64 0
  %vecinit4.i160.i1677 = shufflevector <2 x float> %vecinit3.i159.i1676, <2 x float> poison, <2 x i32> zeroinitializer
  %116 = tail call contract <2 x float> @llvm.mxc.pk.fma.f32(<2 x float> %vecinit2.i158.i1675, <2 x float> %vecinit4.i160.i1677, <2 x float> %acc0.sroa.0.1)
  %vecinit3.i151.i1684 = insertelement <2 x float> poison, float %113, i64 0
  %vecinit4.i152.i1685 = shufflevector <2 x float> %vecinit3.i151.i1684, <2 x float> poison, <2 x i32> zeroinitializer
  %117 = tail call contract <2 x float> @llvm.mxc.pk.fma.f32(<2 x float> %vecinit2.i158.i1675, <2 x float> %vecinit4.i152.i1685, <2 x float> %acc1.sroa.0.1)
  %conv.i52.i69.i1690 = trunc i32 %vpack.i1645.sroa.5.0.copyload to i16
  %118 = tail call contract noundef float @llvm.mxc.bf16.to.f32(i16 %conv.i52.i69.i1690)
  %shr.i65.i74.i1695 = lshr i32 %vpack.i1645.sroa.5.0.copyload, 16
  %conv.i66.i75.i1696 = trunc nuw i32 %shr.i65.i74.i1695 to i16
  %119 = tail call contract noundef float @llvm.mxc.bf16.to.f32(i16 %conv.i66.i75.i1696)
  %vecinit.i140.i1701 = insertelement <2 x float> poison, float %118, i64 0
  %vecinit2.i142.i1703 = insertelement <2 x float> %vecinit.i140.i1701, float %119, i64 1
  %120 = tail call contract <2 x float> @llvm.mxc.pk.fma.f32(<2 x float> %vecinit2.i142.i1703, <2 x float> %vecinit4.i160.i1677, <2 x float> %acc0.sroa.50.1)
  %121 = tail call contract <2 x float> @llvm.mxc.pk.fma.f32(<2 x float> %vecinit2.i142.i1703, <2 x float> %vecinit4.i152.i1685, <2 x float> %acc1.sroa.50.1)
  %conv.i49.i82.i1719 = trunc i32 %vpack.i1645.sroa.7.0.copyload to i16
  %122 = tail call contract noundef float @llvm.mxc.bf16.to.f32(i16 %conv.i49.i82.i1719)
  %shr.i61.i87.i1724 = lshr i32 %vpack.i1645.sroa.7.0.copyload, 16
  %conv.i62.i88.i1725 = trunc nuw i32 %shr.i61.i87.i1724 to i16
  %123 = tail call contract noundef float @llvm.mxc.bf16.to.f32(i16 %conv.i62.i88.i1725)
  %vecinit.i124.i1730 = insertelement <2 x float> poison, float %122, i64 0
  %vecinit2.i126.i1732 = insertelement <2 x float> %vecinit.i124.i1730, float %123, i64 1
  %124 = tail call contract <2 x float> @llvm.mxc.pk.fma.f32(<2 x float> %vecinit2.i126.i1732, <2 x float> %vecinit4.i160.i1677, <2 x float> %acc0.sroa.97.1)
  %125 = tail call contract <2 x float> @llvm.mxc.pk.fma.f32(<2 x float> %vecinit2.i126.i1732, <2 x float> %vecinit4.i152.i1685, <2 x float> %acc1.sroa.97.1)
  %conv.i.i95.i1748 = trunc i32 %vpack.i1645.sroa.9.0.copyload to i16
  %126 = tail call contract noundef float @llvm.mxc.bf16.to.f32(i16 %conv.i.i95.i1748)
  %shr.i.i100.i1753 = lshr i32 %vpack.i1645.sroa.9.0.copyload, 16
  %conv.i58.i101.i1754 = trunc nuw i32 %shr.i.i100.i1753 to i16
  %127 = tail call contract noundef float @llvm.mxc.bf16.to.f32(i16 %conv.i58.i101.i1754)
  %vecinit.i108.i1759 = insertelement <2 x float> poison, float %126, i64 0
  %vecinit2.i110.i1761 = insertelement <2 x float> %vecinit.i108.i1759, float %127, i64 1
  %128 = tail call contract <2 x float> @llvm.mxc.pk.fma.f32(<2 x float> %vecinit2.i110.i1761, <2 x float> %vecinit4.i160.i1677, <2 x float> %acc0.sroa.144.1)
  %129 = tail call contract <2 x float> @llvm.mxc.pk.fma.f32(<2 x float> %vecinit2.i110.i1761, <2 x float> %vecinit4.i152.i1685, <2 x float> %acc1.sroa.144.1)
  %130 = tail call i32 @llvm.mxc.mov.shfl.i32(i32 %109, i32 337, i32 15, i32 15, i1 false)
  %131 = bitcast i32 %130 to float
  %132 = tail call i32 @llvm.mxc.mov.shfl.i32(i32 %109, i32 341, i32 15, i32 15, i1 false)
  %133 = bitcast i32 %132 to float
  %add9.i1776 = fadd contract float %add.i1653, %131
  %add10.i1777 = fadd contract float %add2.i1654, %133
  %vpack11.i1646.sroa.0.0.copyload = load i32, ptr addrspace(3) %arrayidx17.i1779, align 16, !tbaa !16
  %vpack11.i1646.sroa.5.0.copyload = load i32, ptr addrspace(3) %vpack11.i1646.sroa.5.0.arrayidx17.i1779.sroa_idx, align 4, !tbaa !16
  %vpack11.i1646.sroa.7.0.copyload = load i32, ptr addrspace(3) %vpack11.i1646.sroa.7.0.arrayidx17.i1779.sroa_idx, align 8, !tbaa !16
  %vpack11.i1646.sroa.9.0.copyload = load i32, ptr addrspace(3) %vpack11.i1646.sroa.9.0.arrayidx17.i1779.sroa_idx, align 4, !tbaa !16
  %conv.i55.i.i1784 = trunc i32 %vpack11.i1646.sroa.0.0.copyload to i16
  %134 = tail call contract noundef float @llvm.mxc.bf16.to.f32(i16 %conv.i55.i.i1784)
  %shr.i69.i.i1789 = lshr i32 %vpack11.i1646.sroa.0.0.copyload, 16
  %conv.i70.i.i1790 = trunc nuw i32 %shr.i69.i.i1789 to i16
  %135 = tail call contract noundef float @llvm.mxc.bf16.to.f32(i16 %conv.i70.i.i1790)
  %vecinit.i220.i1794 = insertelement <2 x float> poison, float %134, i64 0
  %vecinit2.i222.i1796 = insertelement <2 x float> %vecinit.i220.i1794, float %135, i64 1
  %vecinit3.i223.i1797 = insertelement <2 x float> poison, float %131, i64 0
  %vecinit4.i224.i1798 = shufflevector <2 x float> %vecinit3.i223.i1797, <2 x float> poison, <2 x i32> zeroinitializer
  %136 = tail call contract <2 x float> @llvm.mxc.pk.fma.f32(<2 x float> %vecinit2.i222.i1796, <2 x float> %vecinit4.i224.i1798, <2 x float> %116)
  %vecinit3.i215.i1805 = insertelement <2 x float> poison, float %133, i64 0
  %vecinit4.i216.i1806 = shufflevector <2 x float> %vecinit3.i215.i1805, <2 x float> poison, <2 x i32> zeroinitializer
  %137 = tail call contract <2 x float> @llvm.mxc.pk.fma.f32(<2 x float> %vecinit2.i222.i1796, <2 x float> %vecinit4.i216.i1806, <2 x float> %117)
  %conv.i52.i.i1811 = trunc i32 %vpack11.i1646.sroa.5.0.copyload to i16
  %138 = tail call contract noundef float @llvm.mxc.bf16.to.f32(i16 %conv.i52.i.i1811)
  %shr.i65.i.i1816 = lshr i32 %vpack11.i1646.sroa.5.0.copyload, 16
  %conv.i66.i.i1817 = trunc nuw i32 %shr.i65.i.i1816 to i16
  %139 = tail call contract noundef float @llvm.mxc.bf16.to.f32(i16 %conv.i66.i.i1817)
  %vecinit.i204.i1822 = insertelement <2 x float> poison, float %138, i64 0
  %vecinit2.i206.i1824 = insertelement <2 x float> %vecinit.i204.i1822, float %139, i64 1
  %140 = tail call contract <2 x float> @llvm.mxc.pk.fma.f32(<2 x float> %vecinit2.i206.i1824, <2 x float> %vecinit4.i224.i1798, <2 x float> %120)
  %141 = tail call contract <2 x float> @llvm.mxc.pk.fma.f32(<2 x float> %vecinit2.i206.i1824, <2 x float> %vecinit4.i216.i1806, <2 x float> %121)
  %conv.i49.i.i1840 = trunc i32 %vpack11.i1646.sroa.7.0.copyload to i16
  %142 = tail call contract noundef float @llvm.mxc.bf16.to.f32(i16 %conv.i49.i.i1840)
  %shr.i61.i.i1845 = lshr i32 %vpack11.i1646.sroa.7.0.copyload, 16
  %conv.i62.i.i1846 = trunc nuw i32 %shr.i61.i.i1845 to i16
  %143 = tail call contract noundef float @llvm.mxc.bf16.to.f32(i16 %conv.i62.i.i1846)
  %vecinit.i188.i1851 = insertelement <2 x float> poison, float %142, i64 0
  %vecinit2.i190.i1853 = insertelement <2 x float> %vecinit.i188.i1851, float %143, i64 1
  %144 = tail call contract <2 x float> @llvm.mxc.pk.fma.f32(<2 x float> %vecinit2.i190.i1853, <2 x float> %vecinit4.i224.i1798, <2 x float> %124)
  %145 = tail call contract <2 x float> @llvm.mxc.pk.fma.f32(<2 x float> %vecinit2.i190.i1853, <2 x float> %vecinit4.i216.i1806, <2 x float> %125)
  %conv.i.i.i1869 = trunc i32 %vpack11.i1646.sroa.9.0.copyload to i16
  %146 = tail call contract noundef float @llvm.mxc.bf16.to.f32(i16 %conv.i.i.i1869)
  %shr.i.i.i1874 = lshr i32 %vpack11.i1646.sroa.9.0.copyload, 16
  %conv.i58.i.i1875 = trunc nuw i32 %shr.i.i.i1874 to i16
  %147 = tail call contract noundef float @llvm.mxc.bf16.to.f32(i16 %conv.i58.i.i1875)
  %vecinit.i172.i1880 = insertelement <2 x float> poison, float %146, i64 0
  %vecinit2.i174.i1882 = insertelement <2 x float> %vecinit.i172.i1880, float %147, i64 1
  %148 = tail call contract <2 x float> @llvm.mxc.pk.fma.f32(<2 x float> %vecinit2.i174.i1882, <2 x float> %vecinit4.i224.i1798, <2 x float> %128)
  %149 = tail call contract <2 x float> @llvm.mxc.pk.fma.f32(<2 x float> %vecinit2.i174.i1882, <2 x float> %vecinit4.i216.i1806, <2 x float> %129)
  br i1 %cmp131, label %if.then229, label %if.else

if.then229:                                       ; preds = %if.end224
  fence syncscope("warp") release
  tail call void @llvm.mxc.barrier.warp()
  fence syncscope("warp") acquire
  store i32 %next_k0.0, ptr addrspace(3) %arrayidx12.i1421, align 16, !tbaa !16
  store i32 %next_k1.0, ptr addrspace(3) %arrayidx244, align 4, !tbaa !16
  store i32 %next_k2.0, ptr addrspace(3) %arrayidx245, align 8, !tbaa !16
  store i32 %next_k3.0, ptr addrspace(3) %arrayidx246, align 4, !tbaa !16
  store i32 %next_v0.0, ptr addrspace(3) %arrayidx12.i1407, align 16, !tbaa !16
  store i32 %next_v1.0, ptr addrspace(3) %arrayidx248, align 4, !tbaa !16
  store i32 %next_v2.0, ptr addrspace(3) %arrayidx249, align 8, !tbaa !16
  store i32 %next_v3.0, ptr addrspace(3) %arrayidx250, align 4, !tbaa !16
  br label %if.end251

if.else:                                          ; preds = %if.end224
  fence syncscope("block") release
  tail call void @llvm.mxc.barrier()
  fence syncscope("block") acquire
  br label %if.end251

if.end251:                                        ; preds = %if.else, %if.then229
  %exitcond.not = icmp eq i64 %indvars.iv.next, %27
  br i1 %exitcond.not, label %if.end255, label %for.body102, !llvm.loop !187

if.end255:                                        ; preds = %if.end251, %if.end
  %acc0.sroa.144.2 = phi <2 x float> [ zeroinitializer, %if.end ], [ %148, %if.end251 ]
  %acc0.sroa.97.2 = phi <2 x float> [ zeroinitializer, %if.end ], [ %144, %if.end251 ]
  %acc0.sroa.50.2 = phi <2 x float> [ zeroinitializer, %if.end ], [ %140, %if.end251 ]
  %acc0.sroa.0.2 = phi <2 x float> [ zeroinitializer, %if.end ], [ %136, %if.end251 ]
  %acc1.sroa.144.2 = phi <2 x float> [ zeroinitializer, %if.end ], [ %149, %if.end251 ]
  %acc1.sroa.97.2 = phi <2 x float> [ zeroinitializer, %if.end ], [ %145, %if.end251 ]
  %acc1.sroa.50.2 = phi <2 x float> [ zeroinitializer, %if.end ], [ %141, %if.end251 ]
  %acc1.sroa.0.2 = phi <2 x float> [ zeroinitializer, %if.end ], [ %137, %if.end251 ]
  %l1.2 = phi float [ 0.000000e+00, %if.end ], [ %add10.i1777, %if.end251 ]
  %l0.2 = phi float [ 0.000000e+00, %if.end ], [ %add9.i1776, %if.end251 ]
  %m1.1 = phi float [ 0xFFF0000000000000, %if.end ], [ %cond182, %if.end251 ]
  %m0.1 = phi float [ 0xFFF0000000000000, %if.end ], [ %cond177, %if.end251 ]
  br i1 %6, label %if.then257, label %if.end371

if.then257:                                       ; preds = %if.end255
  %idxprom259 = sext i32 %div to i64
  %arrayidx260 = getelementptr inbounds i32, ptr addrspace(1) %add.ptr94, i64 %idxprom259
  %150 = load i32, ptr addrspace(1) %arrayidx260, align 4, !tbaa !16
  %mul.i1380 = shl nuw nsw i32 %2, 1
  %add.i1381 = add nuw nsw i32 %mul.i1380, %1
  %mul2.i1382 = shl nsw i32 %150, 7
  %mul3.i1383 = shl nuw nsw i32 %add.i1381, 3
  %add4.i1384 = add nsw i32 %mul2.i1382, %mul3.i1383
  %add5.i1385 = or disjoint i32 %add4.i1384, %and
  %mul6.i1386 = shl nsw i32 %add5.i1385, 7
  %idx.ext.i1387 = sext i32 %mul6.i1386 to i64
  %add.ptr.i1388 = getelementptr inbounds %struct.__maca_bfloat16.1, ptr addrspace(4) %k_cache.coerce, i64 %idx.ext.i1387
  %add.ptr9.i1391 = getelementptr inbounds i32, ptr addrspace(4) %add.ptr.i1388, i64 %idx.ext30
  %arrayidx12.i1393 = getelementptr inbounds [64 x i32], ptr addrspace(3) @_ZZ60paged_decode_case12_kv8_headpair_z8_direct_three_peer_kernelILb1ELb0ELb0EEvPK15__maca_bfloat16S2_S2_PS0_PKiS5_PfS6_S6_iiiifE9s_storage, i32 %add.i1381, i32 %mul29
  tail call void @llvm.memcpy.p3.p4.i64(ptr addrspace(3) noundef align 16 dereferenceable(16) %arrayidx12.i1393, ptr addrspace(4) noundef align 16 dereferenceable(16) %add.ptr9.i1391, i64 16, i1 false), !tbaa.struct !34, !call_argsrelate !64
  %add.ptr.i1377 = getelementptr inbounds %struct.__maca_bfloat16.1, ptr addrspace(4) %v_cache.coerce, i64 %idx.ext.i1387
  %add.ptr9.i1379 = getelementptr inbounds i32, ptr addrspace(4) %add.ptr.i1377, i64 %idx.ext30
  %arrayidx12.i = getelementptr inbounds [64 x i32], ptr addrspace(3) getelementptr inbounds (i8, ptr addrspace(3) @_ZZ60paged_decode_case12_kv8_headpair_z8_direct_three_peer_kernelILb1ELb0ELb0EEvPK15__maca_bfloat16S2_S2_PS0_PKiS5_PfS6_S6_iiiifE9s_storage, i32 4096), i32 %add.i1381, i32 %mul29
  tail call void @llvm.memcpy.p3.p4.i64(ptr addrspace(3) noundef align 16 dereferenceable(16) %arrayidx12.i, ptr addrspace(4) noundef align 16 dereferenceable(16) %add.ptr9.i1379, i64 16, i1 false), !tbaa.struct !34, !call_argsrelate !65
  fence syncscope("warp") release
  tail call void @llvm.mxc.barrier.warp()
  fence syncscope("warp") acquire
  %vecinit.i.i = insertelement <2 x float> poison, float %mul85, i64 0
  %vecinit2.i.i = insertelement <2 x float> %vecinit.i.i, float %mul85.1, i64 1
  %vecinit.i144.i = insertelement <2 x float> poison, float %mul88, i64 0
  %vecinit2.i146.i = insertelement <2 x float> %vecinit.i144.i, float %mul88.1, i64 1
  %vecinit.i153.i = insertelement <2 x float> poison, float %mul85.2, i64 0
  %vecinit2.i155.i = insertelement <2 x float> %vecinit.i153.i, float %mul85.3, i64 1
  %vecinit.i162.i = insertelement <2 x float> poison, float %mul88.2, i64 0
  %vecinit2.i164.i = insertelement <2 x float> %vecinit.i162.i, float %mul88.3, i64 1
  %vecinit.i171.i = insertelement <2 x float> poison, float %mul85.4, i64 0
  %vecinit2.i173.i = insertelement <2 x float> %vecinit.i171.i, float %mul85.5, i64 1
  %vecinit.i180.i = insertelement <2 x float> poison, float %mul88.4, i64 0
  %vecinit2.i182.i = insertelement <2 x float> %vecinit.i180.i, float %mul88.5, i64 1
  %vecinit.i189.i = insertelement <2 x float> poison, float %mul85.6, i64 0
  %vecinit2.i191.i = insertelement <2 x float> %vecinit.i189.i, float %mul85.7, i64 1
  %vecinit.i198.i = insertelement <2 x float> poison, float %mul88.6, i64 0
  %vecinit2.i200.i = insertelement <2 x float> %vecinit.i198.i, float %mul88.7, i64 1
  %and.i = and i32 %0, 4
  %tobool.not.i = icmp eq i32 %and.i, 0
  %and288 = and i32 %0, 3
  %cmp276 = icmp ult i32 %mul.i1380, %and21
  br i1 %cmp276, label %if.then277, label %if.end293

if.then277:                                       ; preds = %if.then257
  %arrayidx283 = getelementptr inbounds [64 x i32], ptr addrspace(3) @_ZZ60paged_decode_case12_kv8_headpair_z8_direct_three_peer_kernelILb1ELb0ELb0EEvPK15__maca_bfloat16S2_S2_PS0_PKiS5_PfS6_S6_iiiifE9s_storage, i32 %mul.i1380, i32 %mul29
  %kpack278.sroa.0.0.copyload = load i32, ptr addrspace(3) %arrayidx283, align 16, !tbaa !16
  %kpack278.sroa.5.0.arrayidx283.sroa_idx = getelementptr inbounds i8, ptr addrspace(3) %arrayidx283, i32 4
  %kpack278.sroa.5.0.copyload = load i32, ptr addrspace(3) %kpack278.sroa.5.0.arrayidx283.sroa_idx, align 4, !tbaa !16
  %kpack278.sroa.7.0.arrayidx283.sroa_idx = getelementptr inbounds i8, ptr addrspace(3) %arrayidx283, i32 8
  %kpack278.sroa.7.0.copyload = load i32, ptr addrspace(3) %kpack278.sroa.7.0.arrayidx283.sroa_idx, align 8, !tbaa !16
  %kpack278.sroa.9.0.arrayidx283.sroa_idx = getelementptr inbounds i8, ptr addrspace(3) %arrayidx283, i32 12
  %kpack278.sroa.9.0.copyload = load i32, ptr addrspace(3) %kpack278.sroa.9.0.arrayidx283.sroa_idx, align 4, !tbaa !16
  %conv.i98.i = trunc i32 %kpack278.sroa.0.0.copyload to i16
  %151 = tail call contract noundef float @llvm.mxc.bf16.to.f32(i16 %conv.i98.i)
  %shr.i112.i = lshr i32 %kpack278.sroa.0.0.copyload, 16
  %conv.i113.i = trunc nuw i32 %shr.i112.i to i16
  %152 = tail call contract noundef float @llvm.mxc.bf16.to.f32(i16 %conv.i113.i)
  %vecinit4.i.i = insertelement <2 x float> poison, float %151, i64 0
  %vecinit6.i.i = insertelement <2 x float> %vecinit4.i.i, float %152, i64 1
  %153 = tail call contract <2 x float> @llvm.mxc.pk.fma.f32(<2 x float> %vecinit2.i.i, <2 x float> %vecinit6.i.i, <2 x float> zeroinitializer)
  %154 = tail call contract <2 x float> @llvm.mxc.pk.fma.f32(<2 x float> %vecinit2.i146.i, <2 x float> %vecinit6.i.i, <2 x float> zeroinitializer)
  %conv.i95.i = trunc i32 %kpack278.sroa.5.0.copyload to i16
  %155 = tail call contract noundef float @llvm.mxc.bf16.to.f32(i16 %conv.i95.i)
  %shr.i108.i = lshr i32 %kpack278.sroa.5.0.copyload, 16
  %conv.i109.i = trunc nuw i32 %shr.i108.i to i16
  %156 = tail call contract noundef float @llvm.mxc.bf16.to.f32(i16 %conv.i109.i)
  %vecinit4.i156.i = insertelement <2 x float> poison, float %155, i64 0
  %vecinit6.i158.i = insertelement <2 x float> %vecinit4.i156.i, float %156, i64 1
  %157 = tail call contract <2 x float> @llvm.mxc.pk.fma.f32(<2 x float> %vecinit2.i155.i, <2 x float> %vecinit6.i158.i, <2 x float> %153)
  %158 = tail call contract <2 x float> @llvm.mxc.pk.fma.f32(<2 x float> %vecinit2.i164.i, <2 x float> %vecinit6.i158.i, <2 x float> %154)
  %conv.i92.i = trunc i32 %kpack278.sroa.7.0.copyload to i16
  %159 = tail call contract noundef float @llvm.mxc.bf16.to.f32(i16 %conv.i92.i)
  %shr.i104.i = lshr i32 %kpack278.sroa.7.0.copyload, 16
  %conv.i105.i = trunc nuw i32 %shr.i104.i to i16
  %160 = tail call contract noundef float @llvm.mxc.bf16.to.f32(i16 %conv.i105.i)
  %vecinit4.i174.i = insertelement <2 x float> poison, float %159, i64 0
  %vecinit6.i176.i = insertelement <2 x float> %vecinit4.i174.i, float %160, i64 1
  %161 = tail call contract <2 x float> @llvm.mxc.pk.fma.f32(<2 x float> %vecinit2.i173.i, <2 x float> %vecinit6.i176.i, <2 x float> %157)
  %162 = tail call contract <2 x float> @llvm.mxc.pk.fma.f32(<2 x float> %vecinit2.i182.i, <2 x float> %vecinit6.i176.i, <2 x float> %158)
  %conv.i.i = trunc i32 %kpack278.sroa.9.0.copyload to i16
  %163 = tail call contract noundef float @llvm.mxc.bf16.to.f32(i16 %conv.i.i)
  %shr.i.i = lshr i32 %kpack278.sroa.9.0.copyload, 16
  %conv.i101.i = trunc nuw i32 %shr.i.i to i16
  %164 = tail call contract noundef float @llvm.mxc.bf16.to.f32(i16 %conv.i101.i)
  %vecinit4.i192.i = insertelement <2 x float> poison, float %163, i64 0
  %vecinit6.i194.i = insertelement <2 x float> %vecinit4.i192.i, float %164, i64 1
  %165 = tail call contract <2 x float> @llvm.mxc.pk.fma.f32(<2 x float> %vecinit2.i191.i, <2 x float> %vecinit6.i194.i, <2 x float> %161)
  %166 = tail call contract <2 x float> @llvm.mxc.pk.fma.f32(<2 x float> %vecinit2.i200.i, <2 x float> %vecinit6.i194.i, <2 x float> %162)
  %shift2876 = shufflevector <2 x float> %165, <2 x float> poison, <2 x i32> <i32 1, i32 poison>
  %167 = fadd contract <2 x float> %165, %shift2876
  %add.i1423 = extractelement <2 x float> %167, i64 0
  %shift2877 = shufflevector <2 x float> %166, <2 x float> poison, <2 x i32> <i32 1, i32 poison>
  %168 = fadd contract <2 x float> %166, %shift2877
  %add52.i = extractelement <2 x float> %168, i64 0
  %cond.i1424 = select contract i1 %tobool.not.i, float %add52.i, float %add.i1423
  %169 = bitcast float %cond.i1424 to i32
  %170 = tail call i32 @llvm.mxc.mov.shfl.i32(i32 %169, i32 292, i32 15, i32 15, i1 false)
  %171 = bitcast i32 %170 to float
  %cond59.i = select contract i1 %tobool.not.i, float %add.i1423, float %add52.i
  %add60.i = fadd contract float %cond59.i, %171
  %172 = bitcast float %add60.i to i32
  %173 = tail call i32 @llvm.mxc.mov.shfl.i32(i32 %172, i32 296, i32 15, i32 15, i1 false)
  %174 = bitcast i32 %173 to float
  %add62.i = fadd contract float %add60.i, %174
  %175 = bitcast float %add62.i to i32
  %176 = tail call i32 @llvm.mxc.mov.shfl.i32(i32 %175, i32 78, i32 15, i32 15, i1 false)
  %177 = bitcast i32 %176 to float
  %add64.i = fadd contract float %add62.i, %177
  %178 = bitcast float %add64.i to i32
  %179 = tail call i32 @llvm.mxc.mov.shfl.i32(i32 %178, i32 177, i32 15, i32 15, i1 false)
  %180 = bitcast i32 %179 to float
  %add66.i = fadd contract float %add64.i, %180
  %cmp289 = icmp eq i32 %and288, 0
  %spec.select794 = select i1 %cmp289, float %add66.i, float 0xFFF0000000000000
  %181 = tail call contract noundef float @llvm.maxnum.f32(float %add66.i, float 0xFFF0000000000000)
  br label %if.end293

if.end293:                                        ; preds = %if.then277, %if.then257
  %owned_page_max264.1 = phi float [ %181, %if.then277 ], [ 0xFFF0000000000000, %if.then257 ]
  %owned_score261.2 = phi float [ %spec.select794, %if.then277 ], [ 0xFFF0000000000000, %if.then257 ]
  %add275.1 = or disjoint i32 %mul.i1380, 1
  %cmp276.1 = icmp ult i32 %add275.1, %and21
  br i1 %cmp276.1, label %if.then277.1, label %if.end293.1

if.then277.1:                                     ; preds = %if.end293
  %arrayidx283.1 = getelementptr inbounds [64 x i32], ptr addrspace(3) @_ZZ60paged_decode_case12_kv8_headpair_z8_direct_three_peer_kernelILb1ELb0ELb0EEvPK15__maca_bfloat16S2_S2_PS0_PKiS5_PfS6_S6_iiiifE9s_storage, i32 %add275.1, i32 %mul29
  %kpack278.sroa.0.0.copyload.1 = load i32, ptr addrspace(3) %arrayidx283.1, align 16, !tbaa !16
  %kpack278.sroa.5.0.arrayidx283.sroa_idx.1 = getelementptr inbounds i8, ptr addrspace(3) %arrayidx283.1, i32 4
  %kpack278.sroa.5.0.copyload.1 = load i32, ptr addrspace(3) %kpack278.sroa.5.0.arrayidx283.sroa_idx.1, align 4, !tbaa !16
  %kpack278.sroa.7.0.arrayidx283.sroa_idx.1 = getelementptr inbounds i8, ptr addrspace(3) %arrayidx283.1, i32 8
  %kpack278.sroa.7.0.copyload.1 = load i32, ptr addrspace(3) %kpack278.sroa.7.0.arrayidx283.sroa_idx.1, align 8, !tbaa !16
  %kpack278.sroa.9.0.arrayidx283.sroa_idx.1 = getelementptr inbounds i8, ptr addrspace(3) %arrayidx283.1, i32 12
  %kpack278.sroa.9.0.copyload.1 = load i32, ptr addrspace(3) %kpack278.sroa.9.0.arrayidx283.sroa_idx.1, align 4, !tbaa !16
  %conv.i98.i.1 = trunc i32 %kpack278.sroa.0.0.copyload.1 to i16
  %182 = tail call contract noundef float @llvm.mxc.bf16.to.f32(i16 %conv.i98.i.1)
  %shr.i112.i.1 = lshr i32 %kpack278.sroa.0.0.copyload.1, 16
  %conv.i113.i.1 = trunc nuw i32 %shr.i112.i.1 to i16
  %183 = tail call contract noundef float @llvm.mxc.bf16.to.f32(i16 %conv.i113.i.1)
  %vecinit4.i.i.1 = insertelement <2 x float> poison, float %182, i64 0
  %vecinit6.i.i.1 = insertelement <2 x float> %vecinit4.i.i.1, float %183, i64 1
  %184 = tail call contract <2 x float> @llvm.mxc.pk.fma.f32(<2 x float> %vecinit2.i.i, <2 x float> %vecinit6.i.i.1, <2 x float> zeroinitializer)
  %185 = tail call contract <2 x float> @llvm.mxc.pk.fma.f32(<2 x float> %vecinit2.i146.i, <2 x float> %vecinit6.i.i.1, <2 x float> zeroinitializer)
  %conv.i95.i.1 = trunc i32 %kpack278.sroa.5.0.copyload.1 to i16
  %186 = tail call contract noundef float @llvm.mxc.bf16.to.f32(i16 %conv.i95.i.1)
  %shr.i108.i.1 = lshr i32 %kpack278.sroa.5.0.copyload.1, 16
  %conv.i109.i.1 = trunc nuw i32 %shr.i108.i.1 to i16
  %187 = tail call contract noundef float @llvm.mxc.bf16.to.f32(i16 %conv.i109.i.1)
  %vecinit4.i156.i.1 = insertelement <2 x float> poison, float %186, i64 0
  %vecinit6.i158.i.1 = insertelement <2 x float> %vecinit4.i156.i.1, float %187, i64 1
  %188 = tail call contract <2 x float> @llvm.mxc.pk.fma.f32(<2 x float> %vecinit2.i155.i, <2 x float> %vecinit6.i158.i.1, <2 x float> %184)
  %189 = tail call contract <2 x float> @llvm.mxc.pk.fma.f32(<2 x float> %vecinit2.i164.i, <2 x float> %vecinit6.i158.i.1, <2 x float> %185)
  %conv.i92.i.1 = trunc i32 %kpack278.sroa.7.0.copyload.1 to i16
  %190 = tail call contract noundef float @llvm.mxc.bf16.to.f32(i16 %conv.i92.i.1)
  %shr.i104.i.1 = lshr i32 %kpack278.sroa.7.0.copyload.1, 16
  %conv.i105.i.1 = trunc nuw i32 %shr.i104.i.1 to i16
  %191 = tail call contract noundef float @llvm.mxc.bf16.to.f32(i16 %conv.i105.i.1)
  %vecinit4.i174.i.1 = insertelement <2 x float> poison, float %190, i64 0
  %vecinit6.i176.i.1 = insertelement <2 x float> %vecinit4.i174.i.1, float %191, i64 1
  %192 = tail call contract <2 x float> @llvm.mxc.pk.fma.f32(<2 x float> %vecinit2.i173.i, <2 x float> %vecinit6.i176.i.1, <2 x float> %188)
  %193 = tail call contract <2 x float> @llvm.mxc.pk.fma.f32(<2 x float> %vecinit2.i182.i, <2 x float> %vecinit6.i176.i.1, <2 x float> %189)
  %conv.i.i.1 = trunc i32 %kpack278.sroa.9.0.copyload.1 to i16
  %194 = tail call contract noundef float @llvm.mxc.bf16.to.f32(i16 %conv.i.i.1)
  %shr.i.i.1 = lshr i32 %kpack278.sroa.9.0.copyload.1, 16
  %conv.i101.i.1 = trunc nuw i32 %shr.i.i.1 to i16
  %195 = tail call contract noundef float @llvm.mxc.bf16.to.f32(i16 %conv.i101.i.1)
  %vecinit4.i192.i.1 = insertelement <2 x float> poison, float %194, i64 0
  %vecinit6.i194.i.1 = insertelement <2 x float> %vecinit4.i192.i.1, float %195, i64 1
  %196 = tail call contract <2 x float> @llvm.mxc.pk.fma.f32(<2 x float> %vecinit2.i191.i, <2 x float> %vecinit6.i194.i.1, <2 x float> %192)
  %197 = tail call contract <2 x float> @llvm.mxc.pk.fma.f32(<2 x float> %vecinit2.i200.i, <2 x float> %vecinit6.i194.i.1, <2 x float> %193)
  %shift2878 = shufflevector <2 x float> %196, <2 x float> poison, <2 x i32> <i32 1, i32 poison>
  %198 = fadd contract <2 x float> %196, %shift2878
  %add.i1423.1 = extractelement <2 x float> %198, i64 0
  %shift2879 = shufflevector <2 x float> %197, <2 x float> poison, <2 x i32> <i32 1, i32 poison>
  %199 = fadd contract <2 x float> %197, %shift2879
  %add52.i.1 = extractelement <2 x float> %199, i64 0
  %cond.i1424.1 = select contract i1 %tobool.not.i, float %add52.i.1, float %add.i1423.1
  %200 = bitcast float %cond.i1424.1 to i32
  %201 = tail call i32 @llvm.mxc.mov.shfl.i32(i32 %200, i32 292, i32 15, i32 15, i1 false)
  %202 = bitcast i32 %201 to float
  %cond59.i.1 = select contract i1 %tobool.not.i, float %add.i1423.1, float %add52.i.1
  %add60.i.1 = fadd contract float %cond59.i.1, %202
  %203 = bitcast float %add60.i.1 to i32
  %204 = tail call i32 @llvm.mxc.mov.shfl.i32(i32 %203, i32 296, i32 15, i32 15, i1 false)
  %205 = bitcast i32 %204 to float
  %add62.i.1 = fadd contract float %add60.i.1, %205
  %206 = bitcast float %add62.i.1 to i32
  %207 = tail call i32 @llvm.mxc.mov.shfl.i32(i32 %206, i32 78, i32 15, i32 15, i1 false)
  %208 = bitcast i32 %207 to float
  %add64.i.1 = fadd contract float %add62.i.1, %208
  %209 = bitcast float %add64.i.1 to i32
  %210 = tail call i32 @llvm.mxc.mov.shfl.i32(i32 %209, i32 177, i32 15, i32 15, i1 false)
  %211 = bitcast i32 %210 to float
  %add66.i.1 = fadd contract float %add64.i.1, %211
  %cmp289.1 = icmp eq i32 %and288, 1
  %spec.select794.1 = select i1 %cmp289.1, float %add66.i.1, float %owned_score261.2
  %212 = tail call contract noundef float @llvm.maxnum.f32(float %owned_page_max264.1, float %add66.i.1)
  br label %if.end293.1

if.end293.1:                                      ; preds = %if.then277.1, %if.end293
  %owned_page_max264.1.1 = phi float [ %212, %if.then277.1 ], [ %owned_page_max264.1, %if.end293 ]
  %owned_score261.2.1 = phi float [ %spec.select794.1, %if.then277.1 ], [ %owned_score261.2, %if.end293 ]
  %213 = bitcast float %owned_page_max264.1.1 to i32
  %214 = tail call i32 @llvm.mxc.mov.shfl.i32(i32 %213, i32 336, i32 15, i32 15, i1 false)
  %215 = bitcast i32 %214 to float
  %216 = tail call i32 @llvm.mxc.mov.shfl.i32(i32 %213, i32 340, i32 15, i32 15, i1 false)
  %cmp303 = fcmp contract une float %215, 0xFFF0000000000000
  br i1 %cmp303, label %if.then304, label %if.end370

if.then304:                                       ; preds = %if.end293.1
  %217 = bitcast i32 %216 to float
  %cmp306 = fcmp contract olt float %m0.1, %215
  %cmp309 = fcmp contract olt float %m1.1, %217
  %cond316 = select contract i1 %cmp306, float %215, float %m0.1
  %cond322 = select contract i1 %cmp309, float %217, float %m1.1
  %cmp325 = fcmp contract ogt float %l0.2, 0.000000e+00
  %or.cond563 = select i1 %cmp306, i1 %cmp325, i1 false
  br i1 %or.cond563, label %if.then326, label %if.end344

if.then326:                                       ; preds = %if.then304
  %sub328 = fsub contract float %m0.1, %cond316
  %218 = tail call contract float @llvm.exp2.f32(float %sub328)
  %mul329 = fmul contract float %l0.2, %218
  %vecinit3.i1149 = insertelement <2 x float> poison, float %218, i64 0
  %vecinit4.i1150 = shufflevector <2 x float> %vecinit3.i1149, <2 x float> poison, <2 x i32> zeroinitializer
  %219 = tail call contract <2 x float> @llvm.mxc.pk.fma.f32(<2 x float> %acc0.sroa.0.2, <2 x float> %vecinit4.i1150, <2 x float> zeroinitializer)
  %220 = tail call contract <2 x float> @llvm.mxc.pk.fma.f32(<2 x float> %acc0.sroa.50.2, <2 x float> %vecinit4.i1150, <2 x float> zeroinitializer)
  %221 = tail call contract <2 x float> @llvm.mxc.pk.fma.f32(<2 x float> %acc0.sroa.97.2, <2 x float> %vecinit4.i1150, <2 x float> zeroinitializer)
  %222 = tail call contract <2 x float> @llvm.mxc.pk.fma.f32(<2 x float> %acc0.sroa.144.2, <2 x float> %vecinit4.i1150, <2 x float> zeroinitializer)
  br label %if.end344

if.end344:                                        ; preds = %if.then326, %if.then304
  %acc0.sroa.144.3 = phi <2 x float> [ %222, %if.then326 ], [ %acc0.sroa.144.2, %if.then304 ]
  %acc0.sroa.97.3 = phi <2 x float> [ %221, %if.then326 ], [ %acc0.sroa.97.2, %if.then304 ]
  %acc0.sroa.50.3 = phi <2 x float> [ %220, %if.then326 ], [ %acc0.sroa.50.2, %if.then304 ]
  %acc0.sroa.0.3 = phi <2 x float> [ %219, %if.then326 ], [ %acc0.sroa.0.2, %if.then304 ]
  %l0.3 = phi float [ %mul329, %if.then326 ], [ %l0.2, %if.then304 ]
  %cmp347 = fcmp contract ogt float %l1.2, 0.000000e+00
  %or.cond564 = select i1 %cmp309, i1 %cmp347, i1 false
  br i1 %or.cond564, label %if.then348, label %if.end366

if.then348:                                       ; preds = %if.end344
  %sub350 = fsub contract float %m1.1, %cond322
  %223 = tail call contract float @llvm.exp2.f32(float %sub350)
  %mul351 = fmul contract float %l1.2, %223
  %vecinit3.i1169 = insertelement <2 x float> poison, float %223, i64 0
  %vecinit4.i1170 = shufflevector <2 x float> %vecinit3.i1169, <2 x float> poison, <2 x i32> zeroinitializer
  %224 = tail call contract <2 x float> @llvm.mxc.pk.fma.f32(<2 x float> %acc1.sroa.0.2, <2 x float> %vecinit4.i1170, <2 x float> zeroinitializer)
  %225 = tail call contract <2 x float> @llvm.mxc.pk.fma.f32(<2 x float> %acc1.sroa.50.2, <2 x float> %vecinit4.i1170, <2 x float> zeroinitializer)
  %226 = tail call contract <2 x float> @llvm.mxc.pk.fma.f32(<2 x float> %acc1.sroa.97.2, <2 x float> %vecinit4.i1170, <2 x float> zeroinitializer)
  %227 = tail call contract <2 x float> @llvm.mxc.pk.fma.f32(<2 x float> %acc1.sroa.144.2, <2 x float> %vecinit4.i1170, <2 x float> zeroinitializer)
  br label %if.end366

if.end366:                                        ; preds = %if.then348, %if.end344
  %acc1.sroa.144.3 = phi <2 x float> [ %227, %if.then348 ], [ %acc1.sroa.144.2, %if.end344 ]
  %acc1.sroa.97.3 = phi <2 x float> [ %226, %if.then348 ], [ %acc1.sroa.97.2, %if.end344 ]
  %acc1.sroa.50.3 = phi <2 x float> [ %225, %if.then348 ], [ %acc1.sroa.50.2, %if.end344 ]
  %acc1.sroa.0.3 = phi <2 x float> [ %224, %if.then348 ], [ %acc1.sroa.0.2, %if.end344 ]
  %l1.3 = phi float [ %mul351, %if.then348 ], [ %l1.2, %if.end344 ]
  %cond.i1588 = select contract i1 %tobool.not.i, float %cond316, float %cond322
  %sub.i1589 = fsub contract float %owned_score261.2.1, %cond.i1588
  %228 = tail call contract float @llvm.exp2.f32(float %sub.i1589)
  %229 = bitcast float %228 to i32
  %230 = tail call i32 @llvm.mxc.mov.shfl.i32(i32 %229, i32 336, i32 15, i32 15, i1 false)
  %231 = bitcast i32 %230 to float
  %232 = tail call i32 @llvm.mxc.mov.shfl.i32(i32 %229, i32 340, i32 15, i32 15, i1 false)
  %233 = bitcast i32 %232 to float
  %add.i1590 = fadd contract float %l0.3, %231
  %add2.i = fadd contract float %l1.3, %233
  %arrayidx4.i = getelementptr inbounds [64 x i32], ptr addrspace(3) getelementptr inbounds (i8, ptr addrspace(3) @_ZZ60paged_decode_case12_kv8_headpair_z8_direct_three_peer_kernelILb1ELb0ELb0EEvPK15__maca_bfloat16S2_S2_PS0_PKiS5_PfS6_S6_iiiifE9s_storage, i32 4096), i32 %mul.i1380, i32 %mul29
  %vpack.i.sroa.0.0.copyload = load i32, ptr addrspace(3) %arrayidx4.i, align 16, !tbaa !16
  %vpack.i.sroa.5.0.arrayidx4.i.sroa_idx = getelementptr inbounds i8, ptr addrspace(3) %arrayidx4.i, i32 4
  %vpack.i.sroa.5.0.copyload = load i32, ptr addrspace(3) %vpack.i.sroa.5.0.arrayidx4.i.sroa_idx, align 4, !tbaa !16
  %vpack.i.sroa.7.0.arrayidx4.i.sroa_idx = getelementptr inbounds i8, ptr addrspace(3) %arrayidx4.i, i32 8
  %vpack.i.sroa.7.0.copyload = load i32, ptr addrspace(3) %vpack.i.sroa.7.0.arrayidx4.i.sroa_idx, align 8, !tbaa !16
  %vpack.i.sroa.9.0.arrayidx4.i.sroa_idx = getelementptr inbounds i8, ptr addrspace(3) %arrayidx4.i, i32 12
  %vpack.i.sroa.9.0.copyload = load i32, ptr addrspace(3) %vpack.i.sroa.9.0.arrayidx4.i.sroa_idx, align 4, !tbaa !16
  %conv.i55.i58.i = trunc i32 %vpack.i.sroa.0.0.copyload to i16
  %234 = tail call contract noundef float @llvm.mxc.bf16.to.f32(i16 %conv.i55.i58.i)
  %shr.i69.i63.i = lshr i32 %vpack.i.sroa.0.0.copyload, 16
  %conv.i70.i64.i = trunc nuw i32 %shr.i69.i63.i to i16
  %235 = tail call contract noundef float @llvm.mxc.bf16.to.f32(i16 %conv.i70.i64.i)
  %vecinit.i156.i = insertelement <2 x float> poison, float %234, i64 0
  %vecinit2.i158.i = insertelement <2 x float> %vecinit.i156.i, float %235, i64 1
  %vecinit3.i159.i = insertelement <2 x float> poison, float %231, i64 0
  %vecinit4.i160.i = shufflevector <2 x float> %vecinit3.i159.i, <2 x float> poison, <2 x i32> zeroinitializer
  %236 = tail call contract <2 x float> @llvm.mxc.pk.fma.f32(<2 x float> %vecinit2.i158.i, <2 x float> %vecinit4.i160.i, <2 x float> %acc0.sroa.0.3)
  %vecinit3.i151.i = insertelement <2 x float> poison, float %233, i64 0
  %vecinit4.i152.i = shufflevector <2 x float> %vecinit3.i151.i, <2 x float> poison, <2 x i32> zeroinitializer
  %237 = tail call contract <2 x float> @llvm.mxc.pk.fma.f32(<2 x float> %vecinit2.i158.i, <2 x float> %vecinit4.i152.i, <2 x float> %acc1.sroa.0.3)
  %conv.i52.i69.i = trunc i32 %vpack.i.sroa.5.0.copyload to i16
  %238 = tail call contract noundef float @llvm.mxc.bf16.to.f32(i16 %conv.i52.i69.i)
  %shr.i65.i74.i = lshr i32 %vpack.i.sroa.5.0.copyload, 16
  %conv.i66.i75.i = trunc nuw i32 %shr.i65.i74.i to i16
  %239 = tail call contract noundef float @llvm.mxc.bf16.to.f32(i16 %conv.i66.i75.i)
  %vecinit.i140.i = insertelement <2 x float> poison, float %238, i64 0
  %vecinit2.i142.i = insertelement <2 x float> %vecinit.i140.i, float %239, i64 1
  %240 = tail call contract <2 x float> @llvm.mxc.pk.fma.f32(<2 x float> %vecinit2.i142.i, <2 x float> %vecinit4.i160.i, <2 x float> %acc0.sroa.50.3)
  %241 = tail call contract <2 x float> @llvm.mxc.pk.fma.f32(<2 x float> %vecinit2.i142.i, <2 x float> %vecinit4.i152.i, <2 x float> %acc1.sroa.50.3)
  %conv.i49.i82.i = trunc i32 %vpack.i.sroa.7.0.copyload to i16
  %242 = tail call contract noundef float @llvm.mxc.bf16.to.f32(i16 %conv.i49.i82.i)
  %shr.i61.i87.i = lshr i32 %vpack.i.sroa.7.0.copyload, 16
  %conv.i62.i88.i = trunc nuw i32 %shr.i61.i87.i to i16
  %243 = tail call contract noundef float @llvm.mxc.bf16.to.f32(i16 %conv.i62.i88.i)
  %vecinit.i124.i = insertelement <2 x float> poison, float %242, i64 0
  %vecinit2.i126.i = insertelement <2 x float> %vecinit.i124.i, float %243, i64 1
  %244 = tail call contract <2 x float> @llvm.mxc.pk.fma.f32(<2 x float> %vecinit2.i126.i, <2 x float> %vecinit4.i160.i, <2 x float> %acc0.sroa.97.3)
  %245 = tail call contract <2 x float> @llvm.mxc.pk.fma.f32(<2 x float> %vecinit2.i126.i, <2 x float> %vecinit4.i152.i, <2 x float> %acc1.sroa.97.3)
  %conv.i.i95.i = trunc i32 %vpack.i.sroa.9.0.copyload to i16
  %246 = tail call contract noundef float @llvm.mxc.bf16.to.f32(i16 %conv.i.i95.i)
  %shr.i.i100.i = lshr i32 %vpack.i.sroa.9.0.copyload, 16
  %conv.i58.i101.i = trunc nuw i32 %shr.i.i100.i to i16
  %247 = tail call contract noundef float @llvm.mxc.bf16.to.f32(i16 %conv.i58.i101.i)
  %vecinit.i108.i = insertelement <2 x float> poison, float %246, i64 0
  %vecinit2.i110.i = insertelement <2 x float> %vecinit.i108.i, float %247, i64 1
  %248 = tail call contract <2 x float> @llvm.mxc.pk.fma.f32(<2 x float> %vecinit2.i110.i, <2 x float> %vecinit4.i160.i, <2 x float> %acc0.sroa.144.3)
  %249 = tail call contract <2 x float> @llvm.mxc.pk.fma.f32(<2 x float> %vecinit2.i110.i, <2 x float> %vecinit4.i152.i, <2 x float> %acc1.sroa.144.3)
  %250 = tail call i32 @llvm.mxc.mov.shfl.i32(i32 %229, i32 337, i32 15, i32 15, i1 false)
  %251 = bitcast i32 %250 to float
  %252 = tail call i32 @llvm.mxc.mov.shfl.i32(i32 %229, i32 341, i32 15, i32 15, i1 false)
  %253 = bitcast i32 %252 to float
  %add9.i = fadd contract float %add.i1590, %251
  %add10.i = fadd contract float %add2.i, %253
  %254 = getelementptr [64 x i32], ptr addrspace(3) getelementptr inbounds (i8, ptr addrspace(3) @_ZZ60paged_decode_case12_kv8_headpair_z8_direct_three_peer_kernelILb1ELb0ELb0EEvPK15__maca_bfloat16S2_S2_PS0_PKiS5_PfS6_S6_iiiifE9s_storage, i32 4096), i32 %mul.i1380
  %arrayidx14.i = getelementptr i8, ptr addrspace(3) %254, i32 256
  %arrayidx17.i = getelementptr inbounds [64 x i32], ptr addrspace(3) %arrayidx14.i, i32 0, i32 %mul29
  %vpack11.i.sroa.0.0.copyload = load i32, ptr addrspace(3) %arrayidx17.i, align 16, !tbaa !16
  %vpack11.i.sroa.5.0.arrayidx17.i.sroa_idx = getelementptr inbounds i8, ptr addrspace(3) %arrayidx17.i, i32 4
  %vpack11.i.sroa.5.0.copyload = load i32, ptr addrspace(3) %vpack11.i.sroa.5.0.arrayidx17.i.sroa_idx, align 4, !tbaa !16
  %vpack11.i.sroa.7.0.arrayidx17.i.sroa_idx = getelementptr inbounds i8, ptr addrspace(3) %arrayidx17.i, i32 8
  %vpack11.i.sroa.7.0.copyload = load i32, ptr addrspace(3) %vpack11.i.sroa.7.0.arrayidx17.i.sroa_idx, align 8, !tbaa !16
  %vpack11.i.sroa.9.0.arrayidx17.i.sroa_idx = getelementptr inbounds i8, ptr addrspace(3) %arrayidx17.i, i32 12
  %vpack11.i.sroa.9.0.copyload = load i32, ptr addrspace(3) %vpack11.i.sroa.9.0.arrayidx17.i.sroa_idx, align 4, !tbaa !16
  %conv.i55.i.i = trunc i32 %vpack11.i.sroa.0.0.copyload to i16
  %255 = tail call contract noundef float @llvm.mxc.bf16.to.f32(i16 %conv.i55.i.i)
  %shr.i69.i.i = lshr i32 %vpack11.i.sroa.0.0.copyload, 16
  %conv.i70.i.i = trunc nuw i32 %shr.i69.i.i to i16
  %256 = tail call contract noundef float @llvm.mxc.bf16.to.f32(i16 %conv.i70.i.i)
  %vecinit.i220.i = insertelement <2 x float> poison, float %255, i64 0
  %vecinit2.i222.i = insertelement <2 x float> %vecinit.i220.i, float %256, i64 1
  %vecinit3.i223.i = insertelement <2 x float> poison, float %251, i64 0
  %vecinit4.i224.i = shufflevector <2 x float> %vecinit3.i223.i, <2 x float> poison, <2 x i32> zeroinitializer
  %257 = tail call contract <2 x float> @llvm.mxc.pk.fma.f32(<2 x float> %vecinit2.i222.i, <2 x float> %vecinit4.i224.i, <2 x float> %236)
  %vecinit3.i215.i = insertelement <2 x float> poison, float %253, i64 0
  %vecinit4.i216.i = shufflevector <2 x float> %vecinit3.i215.i, <2 x float> poison, <2 x i32> zeroinitializer
  %258 = tail call contract <2 x float> @llvm.mxc.pk.fma.f32(<2 x float> %vecinit2.i222.i, <2 x float> %vecinit4.i216.i, <2 x float> %237)
  %conv.i52.i.i = trunc i32 %vpack11.i.sroa.5.0.copyload to i16
  %259 = tail call contract noundef float @llvm.mxc.bf16.to.f32(i16 %conv.i52.i.i)
  %shr.i65.i.i = lshr i32 %vpack11.i.sroa.5.0.copyload, 16
  %conv.i66.i.i = trunc nuw i32 %shr.i65.i.i to i16
  %260 = tail call contract noundef float @llvm.mxc.bf16.to.f32(i16 %conv.i66.i.i)
  %vecinit.i204.i = insertelement <2 x float> poison, float %259, i64 0
  %vecinit2.i206.i = insertelement <2 x float> %vecinit.i204.i, float %260, i64 1
  %261 = tail call contract <2 x float> @llvm.mxc.pk.fma.f32(<2 x float> %vecinit2.i206.i, <2 x float> %vecinit4.i224.i, <2 x float> %240)
  %262 = tail call contract <2 x float> @llvm.mxc.pk.fma.f32(<2 x float> %vecinit2.i206.i, <2 x float> %vecinit4.i216.i, <2 x float> %241)
  %conv.i49.i.i = trunc i32 %vpack11.i.sroa.7.0.copyload to i16
  %263 = tail call contract noundef float @llvm.mxc.bf16.to.f32(i16 %conv.i49.i.i)
  %shr.i61.i.i = lshr i32 %vpack11.i.sroa.7.0.copyload, 16
  %conv.i62.i.i = trunc nuw i32 %shr.i61.i.i to i16
  %264 = tail call contract noundef float @llvm.mxc.bf16.to.f32(i16 %conv.i62.i.i)
  %vecinit.i188.i = insertelement <2 x float> poison, float %263, i64 0
  %vecinit2.i190.i = insertelement <2 x float> %vecinit.i188.i, float %264, i64 1
  %265 = tail call contract <2 x float> @llvm.mxc.pk.fma.f32(<2 x float> %vecinit2.i190.i, <2 x float> %vecinit4.i224.i, <2 x float> %244)
  %266 = tail call contract <2 x float> @llvm.mxc.pk.fma.f32(<2 x float> %vecinit2.i190.i, <2 x float> %vecinit4.i216.i, <2 x float> %245)
  %conv.i.i.i = trunc i32 %vpack11.i.sroa.9.0.copyload to i16
  %267 = tail call contract noundef float @llvm.mxc.bf16.to.f32(i16 %conv.i.i.i)
  %shr.i.i.i = lshr i32 %vpack11.i.sroa.9.0.copyload, 16
  %conv.i58.i.i = trunc nuw i32 %shr.i.i.i to i16
  %268 = tail call contract noundef float @llvm.mxc.bf16.to.f32(i16 %conv.i58.i.i)
  %vecinit.i172.i = insertelement <2 x float> poison, float %267, i64 0
  %vecinit2.i174.i = insertelement <2 x float> %vecinit.i172.i, float %268, i64 1
  %269 = tail call contract <2 x float> @llvm.mxc.pk.fma.f32(<2 x float> %vecinit2.i174.i, <2 x float> %vecinit4.i224.i, <2 x float> %248)
  %270 = tail call contract <2 x float> @llvm.mxc.pk.fma.f32(<2 x float> %vecinit2.i174.i, <2 x float> %vecinit4.i216.i, <2 x float> %249)
  br label %if.end370

if.end370:                                        ; preds = %if.end366, %if.end293.1
  %acc0.sroa.144.4 = phi <2 x float> [ %269, %if.end366 ], [ %acc0.sroa.144.2, %if.end293.1 ]
  %acc0.sroa.97.4 = phi <2 x float> [ %265, %if.end366 ], [ %acc0.sroa.97.2, %if.end293.1 ]
  %acc0.sroa.50.4 = phi <2 x float> [ %261, %if.end366 ], [ %acc0.sroa.50.2, %if.end293.1 ]
  %acc0.sroa.0.4 = phi <2 x float> [ %257, %if.end366 ], [ %acc0.sroa.0.2, %if.end293.1 ]
  %acc1.sroa.144.4 = phi <2 x float> [ %270, %if.end366 ], [ %acc1.sroa.144.2, %if.end293.1 ]
  %acc1.sroa.97.4 = phi <2 x float> [ %266, %if.end366 ], [ %acc1.sroa.97.2, %if.end293.1 ]
  %acc1.sroa.50.4 = phi <2 x float> [ %262, %if.end366 ], [ %acc1.sroa.50.2, %if.end293.1 ]
  %acc1.sroa.0.4 = phi <2 x float> [ %258, %if.end366 ], [ %acc1.sroa.0.2, %if.end293.1 ]
  %l1.4 = phi float [ %add10.i, %if.end366 ], [ %l1.2, %if.end293.1 ]
  %l0.4 = phi float [ %add9.i, %if.end366 ], [ %l0.2, %if.end293.1 ]
  %m1.2 = phi float [ %cond322, %if.end366 ], [ %m1.1, %if.end293.1 ]
  %m0.2 = phi float [ %cond316, %if.end366 ], [ %m0.1, %if.end293.1 ]
  fence syncscope("block") release
  tail call void @llvm.mxc.barrier()
  fence syncscope("block") acquire
  br label %if.end371

if.end371:                                        ; preds = %if.end370, %if.end255
  %acc0.sroa.144.5 = phi <2 x float> [ %acc0.sroa.144.4, %if.end370 ], [ %acc0.sroa.144.2, %if.end255 ]
  %acc0.sroa.97.5 = phi <2 x float> [ %acc0.sroa.97.4, %if.end370 ], [ %acc0.sroa.97.2, %if.end255 ]
  %acc0.sroa.50.5 = phi <2 x float> [ %acc0.sroa.50.4, %if.end370 ], [ %acc0.sroa.50.2, %if.end255 ]
  %acc0.sroa.0.5 = phi <2 x float> [ %acc0.sroa.0.4, %if.end370 ], [ %acc0.sroa.0.2, %if.end255 ]
  %acc1.sroa.144.5 = phi <2 x float> [ %acc1.sroa.144.4, %if.end370 ], [ %acc1.sroa.144.2, %if.end255 ]
  %acc1.sroa.97.5 = phi <2 x float> [ %acc1.sroa.97.4, %if.end370 ], [ %acc1.sroa.97.2, %if.end255 ]
  %acc1.sroa.50.5 = phi <2 x float> [ %acc1.sroa.50.4, %if.end370 ], [ %acc1.sroa.50.2, %if.end255 ]
  %acc1.sroa.0.5 = phi <2 x float> [ %acc1.sroa.0.4, %if.end370 ], [ %acc1.sroa.0.2, %if.end255 ]
  %l1.5 = phi float [ %l1.4, %if.end370 ], [ %l1.2, %if.end255 ]
  %l0.5 = phi float [ %l0.4, %if.end370 ], [ %l0.2, %if.end255 ]
  %m1.3 = phi float [ %m1.2, %if.end370 ], [ %m1.1, %if.end255 ]
  %m0.3 = phi float [ %m0.2, %if.end370 ], [ %m0.1, %if.end255 ]
  %and372 = and i32 %2, 1
  %cmp373 = icmp eq i32 %and372, 0
  %271 = tail call i32 @llvm.mxc.mbcnt.lo(i32 -1, i32 0) #24
  %272 = tail call noundef i32 @llvm.mxc.mbcnt.hi(i32 -1, i32 %271) #24
  %xor.i1954 = shl i32 %272, 2
  %shl.i1955 = xor i32 %xor.i1954, 128
  %273 = bitcast float %m0.3 to i32
  %274 = tail call i32 @llvm.mxc.bsm.bpermute(i32 %shl.i1955, i32 %273)
  %275 = tail call i32 @llvm.mxc.mbcnt.lo(i32 -1, i32 0) #24
  %276 = tail call noundef i32 @llvm.mxc.mbcnt.hi(i32 -1, i32 %275) #24
  %xor.i = shl i32 %276, 2
  %shl.i = xor i32 %xor.i, 128
  %277 = bitcast float %l0.5 to i32
  %278 = tail call i32 @llvm.mxc.bsm.bpermute(i32 %shl.i, i32 %277)
  br i1 %cmp373, label %if.then.i1940, label %_Z28merge_case13_intrawave_stateRfS_Pfb.exit1951

if.then.i1940:                                    ; preds = %if.end371
  %279 = bitcast i32 %278 to float
  %280 = bitcast i32 %274 to float
  %281 = tail call contract noundef float @llvm.maxnum.f32(float %m0.3, float %280)
  %cmp.i1942 = fcmp contract ogt float %l0.5, 0.000000e+00
  %sub.i1943 = fsub contract float %m0.3, %281
  %282 = tail call contract float @llvm.exp2.f32(float %sub.i1943)
  %cond.i1944 = select contract i1 %cmp.i1942, float %282, float 0.000000e+00
  %cmp3.i1945 = fcmp contract ogt float %279, 0.000000e+00
  %sub5.i1946 = fsub contract float %280, %281
  %283 = tail call contract float @llvm.exp2.f32(float %sub5.i1946)
  %cond8.i1947 = select contract i1 %cmp3.i1945, float %283, float 0.000000e+00
  %mul.i1948 = fmul contract float %l0.5, %cond.i1944
  %mul9.i1949 = fmul contract float %cond8.i1947, %279
  %add.i1950 = fadd contract float %mul.i1948, %mul9.i1949
  br label %_Z28merge_case13_intrawave_stateRfS_Pfb.exit1951

_Z28merge_case13_intrawave_stateRfS_Pfb.exit1951: ; preds = %if.end371, %if.then.i1940
  %l0.6 = phi float [ %add.i1950, %if.then.i1940 ], [ %l0.5, %if.end371 ]
  %m0.4 = phi float [ %281, %if.then.i1940 ], [ %m0.3, %if.end371 ]
  %peer_weight.0.i1935 = phi float [ %cond8.i1947, %if.then.i1940 ], [ 0.000000e+00, %if.end371 ]
  %own_weight.0.i1936 = phi float [ %cond.i1944, %if.then.i1940 ], [ 0.000000e+00, %if.end371 ]
  %284 = tail call i32 @llvm.mxc.mbcnt.lo(i32 -1, i32 0) #24
  %285 = tail call noundef i32 @llvm.mxc.mbcnt.hi(i32 -1, i32 %284) #24
  %xor.i18.i2002 = shl i32 %285, 2
  %shl.i19.i2003 = xor i32 %xor.i18.i2002, 128
  %bc = bitcast <2 x float> %acc0.sroa.0.5 to <2 x i32>
  %286 = extractelement <2 x i32> %bc, i64 0
  %287 = tail call i32 @llvm.mxc.bsm.bpermute(i32 %shl.i19.i2003, i32 %286)
  %288 = tail call i32 @llvm.mxc.mbcnt.lo(i32 -1, i32 0) #24
  %289 = tail call noundef i32 @llvm.mxc.mbcnt.hi(i32 -1, i32 %288) #24
  %xor.i.i2006 = shl i32 %289, 2
  %shl.i.i2007 = xor i32 %xor.i.i2006, 128
  %bc2844 = bitcast <2 x float> %acc0.sroa.0.5 to <2 x i32>
  %290 = extractelement <2 x i32> %bc2844, i64 1
  %291 = tail call i32 @llvm.mxc.bsm.bpermute(i32 %shl.i.i2007, i32 %290)
  br i1 %cmp373, label %if.then.i2008, label %_Z27merge_case13_intrawave_acc2Pfffb.exit2016

if.then.i2008:                                    ; preds = %_Z28merge_case13_intrawave_stateRfS_Pfb.exit1951
  %292 = bitcast i32 %291 to float
  %293 = bitcast i32 %287 to float
  %vecinit3.i.i2012 = insertelement <2 x float> poison, float %own_weight.0.i1936, i64 0
  %vecinit4.i.i2013 = shufflevector <2 x float> %vecinit3.i.i2012, <2 x float> poison, <2 x i32> zeroinitializer
  %294 = tail call contract <2 x float> @llvm.mxc.pk.fma.f32(<2 x float> %acc0.sroa.0.5, <2 x float> %vecinit4.i.i2013, <2 x float> zeroinitializer)
  %acc0.sroa.0.0.vec.extract = extractelement <2 x float> %294, i64 0
  %295 = tail call contract noundef float @llvm.fma.f32(float %293, float %peer_weight.0.i1935, float %acc0.sroa.0.0.vec.extract)
  %acc0.sroa.0.0.vec.insert = insertelement <2 x float> poison, float %295, i64 0
  %acc0.sroa.0.4.vec.extract = extractelement <2 x float> %294, i64 1
  %296 = tail call contract noundef float @llvm.fma.f32(float %292, float %peer_weight.0.i1935, float %acc0.sroa.0.4.vec.extract)
  %acc0.sroa.0.4.vec.insert = insertelement <2 x float> %acc0.sroa.0.0.vec.insert, float %296, i64 1
  br label %_Z27merge_case13_intrawave_acc2Pfffb.exit2016

_Z27merge_case13_intrawave_acc2Pfffb.exit2016:    ; preds = %_Z28merge_case13_intrawave_stateRfS_Pfb.exit1951, %if.then.i2008
  %acc0.sroa.0.6 = phi <2 x float> [ %acc0.sroa.0.4.vec.insert, %if.then.i2008 ], [ %acc0.sroa.0.5, %_Z28merge_case13_intrawave_stateRfS_Pfb.exit1951 ]
  %297 = tail call i32 @llvm.mxc.mbcnt.lo(i32 -1, i32 0) #24
  %298 = tail call noundef i32 @llvm.mxc.mbcnt.hi(i32 -1, i32 %297) #24
  %xor.i18.i1986 = shl i32 %298, 2
  %shl.i19.i1987 = xor i32 %xor.i18.i1986, 128
  %bc2845 = bitcast <2 x float> %acc0.sroa.50.5 to <2 x i32>
  %299 = extractelement <2 x i32> %bc2845, i64 0
  %300 = tail call i32 @llvm.mxc.bsm.bpermute(i32 %shl.i19.i1987, i32 %299)
  %301 = tail call i32 @llvm.mxc.mbcnt.lo(i32 -1, i32 0) #24
  %302 = tail call noundef i32 @llvm.mxc.mbcnt.hi(i32 -1, i32 %301) #24
  %xor.i.i1990 = shl i32 %302, 2
  %shl.i.i1991 = xor i32 %xor.i.i1990, 128
  %bc2846 = bitcast <2 x float> %acc0.sroa.50.5 to <2 x i32>
  %303 = extractelement <2 x i32> %bc2846, i64 1
  %304 = tail call i32 @llvm.mxc.bsm.bpermute(i32 %shl.i.i1991, i32 %303)
  br i1 %cmp373, label %if.then.i1992, label %_Z27merge_case13_intrawave_acc2Pfffb.exit2000

if.then.i1992:                                    ; preds = %_Z27merge_case13_intrawave_acc2Pfffb.exit2016
  %305 = bitcast i32 %304 to float
  %306 = bitcast i32 %300 to float
  %vecinit3.i.i1996 = insertelement <2 x float> poison, float %own_weight.0.i1936, i64 0
  %vecinit4.i.i1997 = shufflevector <2 x float> %vecinit3.i.i1996, <2 x float> poison, <2 x i32> zeroinitializer
  %307 = tail call contract <2 x float> @llvm.mxc.pk.fma.f32(<2 x float> %acc0.sroa.50.5, <2 x float> %vecinit4.i.i1997, <2 x float> zeroinitializer)
  %acc0.sroa.50.8.vec.extract = extractelement <2 x float> %307, i64 0
  %308 = tail call contract noundef float @llvm.fma.f32(float %306, float %peer_weight.0.i1935, float %acc0.sroa.50.8.vec.extract)
  %acc0.sroa.50.8.vec.insert = insertelement <2 x float> poison, float %308, i64 0
  %acc0.sroa.50.12.vec.extract2678 = extractelement <2 x float> %307, i64 1
  %309 = tail call contract noundef float @llvm.fma.f32(float %305, float %peer_weight.0.i1935, float %acc0.sroa.50.12.vec.extract2678)
  %acc0.sroa.50.12.vec.insert = insertelement <2 x float> %acc0.sroa.50.8.vec.insert, float %309, i64 1
  br label %_Z27merge_case13_intrawave_acc2Pfffb.exit2000

_Z27merge_case13_intrawave_acc2Pfffb.exit2000:    ; preds = %_Z27merge_case13_intrawave_acc2Pfffb.exit2016, %if.then.i1992
  %acc0.sroa.50.6 = phi <2 x float> [ %acc0.sroa.50.12.vec.insert, %if.then.i1992 ], [ %acc0.sroa.50.5, %_Z27merge_case13_intrawave_acc2Pfffb.exit2016 ]
  %310 = tail call i32 @llvm.mxc.mbcnt.lo(i32 -1, i32 0) #24
  %311 = tail call noundef i32 @llvm.mxc.mbcnt.hi(i32 -1, i32 %310) #24
  %xor.i18.i1970 = shl i32 %311, 2
  %shl.i19.i1971 = xor i32 %xor.i18.i1970, 128
  %bc2847 = bitcast <2 x float> %acc0.sroa.97.5 to <2 x i32>
  %312 = extractelement <2 x i32> %bc2847, i64 0
  %313 = tail call i32 @llvm.mxc.bsm.bpermute(i32 %shl.i19.i1971, i32 %312)
  %314 = tail call i32 @llvm.mxc.mbcnt.lo(i32 -1, i32 0) #24
  %315 = tail call noundef i32 @llvm.mxc.mbcnt.hi(i32 -1, i32 %314) #24
  %xor.i.i1974 = shl i32 %315, 2
  %shl.i.i1975 = xor i32 %xor.i.i1974, 128
  %bc2848 = bitcast <2 x float> %acc0.sroa.97.5 to <2 x i32>
  %316 = extractelement <2 x i32> %bc2848, i64 1
  %317 = tail call i32 @llvm.mxc.bsm.bpermute(i32 %shl.i.i1975, i32 %316)
  br i1 %cmp373, label %if.then.i1976, label %_Z27merge_case13_intrawave_acc2Pfffb.exit1984

if.then.i1976:                                    ; preds = %_Z27merge_case13_intrawave_acc2Pfffb.exit2000
  %318 = bitcast i32 %317 to float
  %319 = bitcast i32 %313 to float
  %vecinit3.i.i1980 = insertelement <2 x float> poison, float %own_weight.0.i1936, i64 0
  %vecinit4.i.i1981 = shufflevector <2 x float> %vecinit3.i.i1980, <2 x float> poison, <2 x i32> zeroinitializer
  %320 = tail call contract <2 x float> @llvm.mxc.pk.fma.f32(<2 x float> %acc0.sroa.97.5, <2 x float> %vecinit4.i.i1981, <2 x float> zeroinitializer)
  %acc0.sroa.97.16.vec.extract = extractelement <2 x float> %320, i64 0
  %321 = tail call contract noundef float @llvm.fma.f32(float %319, float %peer_weight.0.i1935, float %acc0.sroa.97.16.vec.extract)
  %acc0.sroa.97.16.vec.insert = insertelement <2 x float> poison, float %321, i64 0
  %acc0.sroa.97.20.vec.extract2740 = extractelement <2 x float> %320, i64 1
  %322 = tail call contract noundef float @llvm.fma.f32(float %318, float %peer_weight.0.i1935, float %acc0.sroa.97.20.vec.extract2740)
  %acc0.sroa.97.20.vec.insert = insertelement <2 x float> %acc0.sroa.97.16.vec.insert, float %322, i64 1
  br label %_Z27merge_case13_intrawave_acc2Pfffb.exit1984

_Z27merge_case13_intrawave_acc2Pfffb.exit1984:    ; preds = %_Z27merge_case13_intrawave_acc2Pfffb.exit2000, %if.then.i1976
  %acc0.sroa.97.6 = phi <2 x float> [ %acc0.sroa.97.20.vec.insert, %if.then.i1976 ], [ %acc0.sroa.97.5, %_Z27merge_case13_intrawave_acc2Pfffb.exit2000 ]
  %323 = tail call i32 @llvm.mxc.mbcnt.lo(i32 -1, i32 0) #24
  %324 = tail call noundef i32 @llvm.mxc.mbcnt.hi(i32 -1, i32 %323) #24
  %xor.i18.i = shl i32 %324, 2
  %shl.i19.i = xor i32 %xor.i18.i, 128
  %bc2849 = bitcast <2 x float> %acc0.sroa.144.5 to <2 x i32>
  %325 = extractelement <2 x i32> %bc2849, i64 0
  %326 = tail call i32 @llvm.mxc.bsm.bpermute(i32 %shl.i19.i, i32 %325)
  %327 = tail call i32 @llvm.mxc.mbcnt.lo(i32 -1, i32 0) #24
  %328 = tail call noundef i32 @llvm.mxc.mbcnt.hi(i32 -1, i32 %327) #24
  %xor.i.i = shl i32 %328, 2
  %shl.i.i = xor i32 %xor.i.i, 128
  %bc2850 = bitcast <2 x float> %acc0.sroa.144.5 to <2 x i32>
  %329 = extractelement <2 x i32> %bc2850, i64 1
  %330 = tail call i32 @llvm.mxc.bsm.bpermute(i32 %shl.i.i, i32 %329)
  br i1 %cmp373, label %if.then.i1963, label %_Z27merge_case13_intrawave_acc2Pfffb.exit

if.then.i1963:                                    ; preds = %_Z27merge_case13_intrawave_acc2Pfffb.exit1984
  %331 = bitcast i32 %330 to float
  %332 = bitcast i32 %326 to float
  %vecinit3.i.i1967 = insertelement <2 x float> poison, float %own_weight.0.i1936, i64 0
  %vecinit4.i.i1968 = shufflevector <2 x float> %vecinit3.i.i1967, <2 x float> poison, <2 x i32> zeroinitializer
  %333 = tail call contract <2 x float> @llvm.mxc.pk.fma.f32(<2 x float> %acc0.sroa.144.5, <2 x float> %vecinit4.i.i1968, <2 x float> zeroinitializer)
  %acc0.sroa.144.24.vec.extract = extractelement <2 x float> %333, i64 0
  %334 = tail call contract noundef float @llvm.fma.f32(float %332, float %peer_weight.0.i1935, float %acc0.sroa.144.24.vec.extract)
  %acc0.sroa.144.24.vec.insert = insertelement <2 x float> poison, float %334, i64 0
  %acc0.sroa.144.28.vec.extract2802 = extractelement <2 x float> %333, i64 1
  %335 = tail call contract noundef float @llvm.fma.f32(float %331, float %peer_weight.0.i1935, float %acc0.sroa.144.28.vec.extract2802)
  %acc0.sroa.144.28.vec.insert = insertelement <2 x float> %acc0.sroa.144.24.vec.insert, float %335, i64 1
  br label %_Z27merge_case13_intrawave_acc2Pfffb.exit

_Z27merge_case13_intrawave_acc2Pfffb.exit:        ; preds = %_Z27merge_case13_intrawave_acc2Pfffb.exit1984, %if.then.i1963
  %acc0.sroa.144.6 = phi <2 x float> [ %acc0.sroa.144.28.vec.insert, %if.then.i1963 ], [ %acc0.sroa.144.5, %_Z27merge_case13_intrawave_acc2Pfffb.exit1984 ]
  %336 = tail call i32 @llvm.mxc.mbcnt.lo(i32 -1, i32 0) #24
  %337 = tail call noundef i32 @llvm.mxc.mbcnt.hi(i32 -1, i32 %336) #24
  %xor.i1960 = shl i32 %337, 2
  %shl.i1961 = xor i32 %xor.i1960, 128
  %338 = bitcast float %m1.3 to i32
  %339 = tail call i32 @llvm.mxc.bsm.bpermute(i32 %shl.i1961, i32 %338)
  %340 = tail call i32 @llvm.mxc.mbcnt.lo(i32 -1, i32 0) #24
  %341 = tail call noundef i32 @llvm.mxc.mbcnt.hi(i32 -1, i32 %340) #24
  %xor.i1957 = shl i32 %341, 2
  %shl.i1958 = xor i32 %xor.i1957, 128
  %342 = bitcast float %l1.5 to i32
  %343 = tail call i32 @llvm.mxc.bsm.bpermute(i32 %shl.i1958, i32 %342)
  br i1 %cmp373, label %if.then.i1926, label %_Z28merge_case13_intrawave_stateRfS_Pfb.exit

if.then.i1926:                                    ; preds = %_Z27merge_case13_intrawave_acc2Pfffb.exit
  %344 = bitcast i32 %343 to float
  %345 = bitcast i32 %339 to float
  %346 = tail call contract noundef float @llvm.maxnum.f32(float %m1.3, float %345)
  %cmp.i1928 = fcmp contract ogt float %l1.5, 0.000000e+00
  %sub.i1929 = fsub contract float %m1.3, %346
  %347 = tail call contract float @llvm.exp2.f32(float %sub.i1929)
  %cond.i1930 = select contract i1 %cmp.i1928, float %347, float 0.000000e+00
  %cmp3.i = fcmp contract ogt float %344, 0.000000e+00
  %sub5.i = fsub contract float %345, %346
  %348 = tail call contract float @llvm.exp2.f32(float %sub5.i)
  %cond8.i = select contract i1 %cmp3.i, float %348, float 0.000000e+00
  %mul.i1931 = fmul contract float %l1.5, %cond.i1930
  %mul9.i = fmul contract float %cond8.i, %344
  %add.i1932 = fadd contract float %mul.i1931, %mul9.i
  br label %_Z28merge_case13_intrawave_stateRfS_Pfb.exit

_Z28merge_case13_intrawave_stateRfS_Pfb.exit:     ; preds = %_Z27merge_case13_intrawave_acc2Pfffb.exit, %if.then.i1926
  %l1.6 = phi float [ %add.i1932, %if.then.i1926 ], [ %l1.5, %_Z27merge_case13_intrawave_acc2Pfffb.exit ]
  %m1.4 = phi float [ %346, %if.then.i1926 ], [ %m1.3, %_Z27merge_case13_intrawave_acc2Pfffb.exit ]
  %peer_weight.0.i = phi float [ %cond8.i, %if.then.i1926 ], [ 0.000000e+00, %_Z27merge_case13_intrawave_acc2Pfffb.exit ]
  %own_weight.0.i = phi float [ %cond.i1930, %if.then.i1926 ], [ 0.000000e+00, %_Z27merge_case13_intrawave_acc2Pfffb.exit ]
  %349 = tail call i32 @llvm.mxc.mbcnt.lo(i32 -1, i32 0) #24
  %350 = tail call noundef i32 @llvm.mxc.mbcnt.hi(i32 -1, i32 %349) #24
  %xor.i18.i2066 = shl i32 %350, 2
  %shl.i19.i2067 = xor i32 %xor.i18.i2066, 128
  %bc2851 = bitcast <2 x float> %acc1.sroa.0.5 to <2 x i32>
  %351 = extractelement <2 x i32> %bc2851, i64 0
  %352 = tail call i32 @llvm.mxc.bsm.bpermute(i32 %shl.i19.i2067, i32 %351)
  %353 = tail call i32 @llvm.mxc.mbcnt.lo(i32 -1, i32 0) #24
  %354 = tail call noundef i32 @llvm.mxc.mbcnt.hi(i32 -1, i32 %353) #24
  %xor.i.i2070 = shl i32 %354, 2
  %shl.i.i2071 = xor i32 %xor.i.i2070, 128
  %bc2852 = bitcast <2 x float> %acc1.sroa.0.5 to <2 x i32>
  %355 = extractelement <2 x i32> %bc2852, i64 1
  %356 = tail call i32 @llvm.mxc.bsm.bpermute(i32 %shl.i.i2071, i32 %355)
  br i1 %cmp373, label %if.then.i2072, label %_Z27merge_case13_intrawave_acc2Pfffb.exit2080

if.then.i2072:                                    ; preds = %_Z28merge_case13_intrawave_stateRfS_Pfb.exit
  %357 = bitcast i32 %356 to float
  %358 = bitcast i32 %352 to float
  %vecinit3.i.i2076 = insertelement <2 x float> poison, float %own_weight.0.i, i64 0
  %vecinit4.i.i2077 = shufflevector <2 x float> %vecinit3.i.i2076, <2 x float> poison, <2 x i32> zeroinitializer
  %359 = tail call contract <2 x float> @llvm.mxc.pk.fma.f32(<2 x float> %acc1.sroa.0.5, <2 x float> %vecinit4.i.i2077, <2 x float> zeroinitializer)
  %acc1.sroa.0.0.vec.extract = extractelement <2 x float> %359, i64 0
  %360 = tail call contract noundef float @llvm.fma.f32(float %358, float %peer_weight.0.i, float %acc1.sroa.0.0.vec.extract)
  %acc1.sroa.0.0.vec.insert = insertelement <2 x float> poison, float %360, i64 0
  %acc1.sroa.0.4.vec.extract = extractelement <2 x float> %359, i64 1
  %361 = tail call contract noundef float @llvm.fma.f32(float %357, float %peer_weight.0.i, float %acc1.sroa.0.4.vec.extract)
  %acc1.sroa.0.4.vec.insert = insertelement <2 x float> %acc1.sroa.0.0.vec.insert, float %361, i64 1
  br label %_Z27merge_case13_intrawave_acc2Pfffb.exit2080

_Z27merge_case13_intrawave_acc2Pfffb.exit2080:    ; preds = %_Z28merge_case13_intrawave_stateRfS_Pfb.exit, %if.then.i2072
  %acc1.sroa.0.6 = phi <2 x float> [ %acc1.sroa.0.4.vec.insert, %if.then.i2072 ], [ %acc1.sroa.0.5, %_Z28merge_case13_intrawave_stateRfS_Pfb.exit ]
  %362 = tail call i32 @llvm.mxc.mbcnt.lo(i32 -1, i32 0) #24
  %363 = tail call noundef i32 @llvm.mxc.mbcnt.hi(i32 -1, i32 %362) #24
  %xor.i18.i2050 = shl i32 %363, 2
  %shl.i19.i2051 = xor i32 %xor.i18.i2050, 128
  %bc2853 = bitcast <2 x float> %acc1.sroa.50.5 to <2 x i32>
  %364 = extractelement <2 x i32> %bc2853, i64 0
  %365 = tail call i32 @llvm.mxc.bsm.bpermute(i32 %shl.i19.i2051, i32 %364)
  %366 = tail call i32 @llvm.mxc.mbcnt.lo(i32 -1, i32 0) #24
  %367 = tail call noundef i32 @llvm.mxc.mbcnt.hi(i32 -1, i32 %366) #24
  %xor.i.i2054 = shl i32 %367, 2
  %shl.i.i2055 = xor i32 %xor.i.i2054, 128
  %bc2854 = bitcast <2 x float> %acc1.sroa.50.5 to <2 x i32>
  %368 = extractelement <2 x i32> %bc2854, i64 1
  %369 = tail call i32 @llvm.mxc.bsm.bpermute(i32 %shl.i.i2055, i32 %368)
  br i1 %cmp373, label %if.then.i2056, label %_Z27merge_case13_intrawave_acc2Pfffb.exit2064

if.then.i2056:                                    ; preds = %_Z27merge_case13_intrawave_acc2Pfffb.exit2080
  %370 = bitcast i32 %369 to float
  %371 = bitcast i32 %365 to float
  %vecinit3.i.i2060 = insertelement <2 x float> poison, float %own_weight.0.i, i64 0
  %vecinit4.i.i2061 = shufflevector <2 x float> %vecinit3.i.i2060, <2 x float> poison, <2 x i32> zeroinitializer
  %372 = tail call contract <2 x float> @llvm.mxc.pk.fma.f32(<2 x float> %acc1.sroa.50.5, <2 x float> %vecinit4.i.i2061, <2 x float> zeroinitializer)
  %acc1.sroa.50.8.vec.extract = extractelement <2 x float> %372, i64 0
  %373 = tail call contract noundef float @llvm.fma.f32(float %371, float %peer_weight.0.i, float %acc1.sroa.50.8.vec.extract)
  %acc1.sroa.50.8.vec.insert = insertelement <2 x float> poison, float %373, i64 0
  %acc1.sroa.50.12.vec.extract2430 = extractelement <2 x float> %372, i64 1
  %374 = tail call contract noundef float @llvm.fma.f32(float %370, float %peer_weight.0.i, float %acc1.sroa.50.12.vec.extract2430)
  %acc1.sroa.50.12.vec.insert = insertelement <2 x float> %acc1.sroa.50.8.vec.insert, float %374, i64 1
  br label %_Z27merge_case13_intrawave_acc2Pfffb.exit2064

_Z27merge_case13_intrawave_acc2Pfffb.exit2064:    ; preds = %_Z27merge_case13_intrawave_acc2Pfffb.exit2080, %if.then.i2056
  %acc1.sroa.50.6 = phi <2 x float> [ %acc1.sroa.50.12.vec.insert, %if.then.i2056 ], [ %acc1.sroa.50.5, %_Z27merge_case13_intrawave_acc2Pfffb.exit2080 ]
  %375 = tail call i32 @llvm.mxc.mbcnt.lo(i32 -1, i32 0) #24
  %376 = tail call noundef i32 @llvm.mxc.mbcnt.hi(i32 -1, i32 %375) #24
  %xor.i18.i2034 = shl i32 %376, 2
  %shl.i19.i2035 = xor i32 %xor.i18.i2034, 128
  %bc2855 = bitcast <2 x float> %acc1.sroa.97.5 to <2 x i32>
  %377 = extractelement <2 x i32> %bc2855, i64 0
  %378 = tail call i32 @llvm.mxc.bsm.bpermute(i32 %shl.i19.i2035, i32 %377)
  %379 = tail call i32 @llvm.mxc.mbcnt.lo(i32 -1, i32 0) #24
  %380 = tail call noundef i32 @llvm.mxc.mbcnt.hi(i32 -1, i32 %379) #24
  %xor.i.i2038 = shl i32 %380, 2
  %shl.i.i2039 = xor i32 %xor.i.i2038, 128
  %bc2856 = bitcast <2 x float> %acc1.sroa.97.5 to <2 x i32>
  %381 = extractelement <2 x i32> %bc2856, i64 1
  %382 = tail call i32 @llvm.mxc.bsm.bpermute(i32 %shl.i.i2039, i32 %381)
  br i1 %cmp373, label %if.then.i2040, label %_Z27merge_case13_intrawave_acc2Pfffb.exit2048

if.then.i2040:                                    ; preds = %_Z27merge_case13_intrawave_acc2Pfffb.exit2064
  %383 = bitcast i32 %382 to float
  %384 = bitcast i32 %378 to float
  %vecinit3.i.i2044 = insertelement <2 x float> poison, float %own_weight.0.i, i64 0
  %vecinit4.i.i2045 = shufflevector <2 x float> %vecinit3.i.i2044, <2 x float> poison, <2 x i32> zeroinitializer
  %385 = tail call contract <2 x float> @llvm.mxc.pk.fma.f32(<2 x float> %acc1.sroa.97.5, <2 x float> %vecinit4.i.i2045, <2 x float> zeroinitializer)
  %acc1.sroa.97.16.vec.extract = extractelement <2 x float> %385, i64 0
  %386 = tail call contract noundef float @llvm.fma.f32(float %384, float %peer_weight.0.i, float %acc1.sroa.97.16.vec.extract)
  %acc1.sroa.97.16.vec.insert = insertelement <2 x float> poison, float %386, i64 0
  %acc1.sroa.97.20.vec.extract2492 = extractelement <2 x float> %385, i64 1
  %387 = tail call contract noundef float @llvm.fma.f32(float %383, float %peer_weight.0.i, float %acc1.sroa.97.20.vec.extract2492)
  %acc1.sroa.97.20.vec.insert = insertelement <2 x float> %acc1.sroa.97.16.vec.insert, float %387, i64 1
  br label %_Z27merge_case13_intrawave_acc2Pfffb.exit2048

_Z27merge_case13_intrawave_acc2Pfffb.exit2048:    ; preds = %_Z27merge_case13_intrawave_acc2Pfffb.exit2064, %if.then.i2040
  %acc1.sroa.97.6 = phi <2 x float> [ %acc1.sroa.97.20.vec.insert, %if.then.i2040 ], [ %acc1.sroa.97.5, %_Z27merge_case13_intrawave_acc2Pfffb.exit2064 ]
  %388 = tail call i32 @llvm.mxc.mbcnt.lo(i32 -1, i32 0) #24
  %389 = tail call noundef i32 @llvm.mxc.mbcnt.hi(i32 -1, i32 %388) #24
  %xor.i18.i2018 = shl i32 %389, 2
  %shl.i19.i2019 = xor i32 %xor.i18.i2018, 128
  %bc2857 = bitcast <2 x float> %acc1.sroa.144.5 to <2 x i32>
  %390 = extractelement <2 x i32> %bc2857, i64 0
  %391 = tail call i32 @llvm.mxc.bsm.bpermute(i32 %shl.i19.i2019, i32 %390)
  %392 = tail call i32 @llvm.mxc.mbcnt.lo(i32 -1, i32 0) #24
  %393 = tail call noundef i32 @llvm.mxc.mbcnt.hi(i32 -1, i32 %392) #24
  %xor.i.i2022 = shl i32 %393, 2
  %shl.i.i2023 = xor i32 %xor.i.i2022, 128
  %bc2858 = bitcast <2 x float> %acc1.sroa.144.5 to <2 x i32>
  %394 = extractelement <2 x i32> %bc2858, i64 1
  %395 = tail call i32 @llvm.mxc.bsm.bpermute(i32 %shl.i.i2023, i32 %394)
  br i1 %cmp373, label %if.then.i2024, label %_Z27merge_case13_intrawave_acc2Pfffb.exit2032

if.then.i2024:                                    ; preds = %_Z27merge_case13_intrawave_acc2Pfffb.exit2048
  %396 = bitcast i32 %395 to float
  %397 = bitcast i32 %391 to float
  %vecinit3.i.i2028 = insertelement <2 x float> poison, float %own_weight.0.i, i64 0
  %vecinit4.i.i2029 = shufflevector <2 x float> %vecinit3.i.i2028, <2 x float> poison, <2 x i32> zeroinitializer
  %398 = tail call contract <2 x float> @llvm.mxc.pk.fma.f32(<2 x float> %acc1.sroa.144.5, <2 x float> %vecinit4.i.i2029, <2 x float> zeroinitializer)
  %acc1.sroa.144.24.vec.extract = extractelement <2 x float> %398, i64 0
  %399 = tail call contract noundef float @llvm.fma.f32(float %397, float %peer_weight.0.i, float %acc1.sroa.144.24.vec.extract)
  %acc1.sroa.144.24.vec.insert = insertelement <2 x float> poison, float %399, i64 0
  %acc1.sroa.144.28.vec.extract2554 = extractelement <2 x float> %398, i64 1
  %400 = tail call contract noundef float @llvm.fma.f32(float %396, float %peer_weight.0.i, float %acc1.sroa.144.28.vec.extract2554)
  %acc1.sroa.144.28.vec.insert = insertelement <2 x float> %acc1.sroa.144.24.vec.insert, float %400, i64 1
  br label %_Z27merge_case13_intrawave_acc2Pfffb.exit2032

_Z27merge_case13_intrawave_acc2Pfffb.exit2032:    ; preds = %_Z27merge_case13_intrawave_acc2Pfffb.exit2048, %if.then.i2024
  %acc1.sroa.144.6 = phi <2 x float> [ %acc1.sroa.144.28.vec.insert, %if.then.i2024 ], [ %acc1.sroa.144.5, %_Z27merge_case13_intrawave_acc2Pfffb.exit2048 ]
  switch i32 %2, label %if.end395 [
    i32 6, label %if.then383
    i32 4, label %if.then383
    i32 2, label %if.then383
  ]

if.then383:                                       ; preds = %_Z27merge_case13_intrawave_acc2Pfffb.exit2032, %_Z27merge_case13_intrawave_acc2Pfffb.exit2032, %_Z27merge_case13_intrawave_acc2Pfffb.exit2032
  %cmp380 = icmp eq i32 %2, 4
  %cmp379 = icmp eq i32 %2, 2
  %cond388 = select i1 %cmp380, i32 4, i32 8
  %cond390 = select i1 %cmp379, i32 0, i32 %cond388
  %add391 = add nuw nsw i32 %cond390, %1
  %add.ptr.i1905.idx = shl nuw nsw i32 %add391, 9
  %add.ptr.i1905 = getelementptr inbounds i8, ptr addrspace(3) @_ZZ60paged_decode_case12_kv8_headpair_z8_direct_three_peer_kernelILb1ELb0ELb0EEvPK15__maca_bfloat16S2_S2_PS0_PKiS5_PfS6_S6_iiiifE9s_storage, i32 %add.ptr.i1905.idx
  %mul1.i1906 = shl nuw nsw i32 %0, 3
  %add.ptr3.i1908 = getelementptr inbounds float, ptr addrspace(3) %add.ptr.i1905, i32 %mul1.i1906
  %acc0.sroa.0.0.vec.extract2594 = extractelement <2 x float> %acc0.sroa.0.6, i64 0
  store float %acc0.sroa.0.0.vec.extract2594, ptr addrspace(3) %add.ptr3.i1908, align 16, !tbaa !73
  %acc0.sroa.0.4.vec.extract2625 = extractelement <2 x float> %acc0.sroa.0.6, i64 1
  %arrayidx5.i1921.1 = getelementptr inbounds i8, ptr addrspace(3) %add.ptr3.i1908, i32 4
  store float %acc0.sroa.0.4.vec.extract2625, ptr addrspace(3) %arrayidx5.i1921.1, align 4, !tbaa !73
  %acc0.sroa.50.8.vec.extract2656 = extractelement <2 x float> %acc0.sroa.50.6, i64 0
  %arrayidx5.i1921.2 = getelementptr inbounds i8, ptr addrspace(3) %add.ptr3.i1908, i32 8
  store float %acc0.sroa.50.8.vec.extract2656, ptr addrspace(3) %arrayidx5.i1921.2, align 8, !tbaa !73
  %acc0.sroa.50.12.vec.extract2687 = extractelement <2 x float> %acc0.sroa.50.6, i64 1
  %arrayidx5.i1921.3 = getelementptr inbounds i8, ptr addrspace(3) %add.ptr3.i1908, i32 12
  store float %acc0.sroa.50.12.vec.extract2687, ptr addrspace(3) %arrayidx5.i1921.3, align 4, !tbaa !73
  %acc0.sroa.97.16.vec.extract2718 = extractelement <2 x float> %acc0.sroa.97.6, i64 0
  %arrayidx5.i1921.4 = getelementptr inbounds i8, ptr addrspace(3) %add.ptr3.i1908, i32 16
  store float %acc0.sroa.97.16.vec.extract2718, ptr addrspace(3) %arrayidx5.i1921.4, align 16, !tbaa !73
  %acc0.sroa.97.20.vec.extract2749 = extractelement <2 x float> %acc0.sroa.97.6, i64 1
  %arrayidx5.i1921.5 = getelementptr inbounds i8, ptr addrspace(3) %add.ptr3.i1908, i32 20
  store float %acc0.sroa.97.20.vec.extract2749, ptr addrspace(3) %arrayidx5.i1921.5, align 4, !tbaa !73
  %acc0.sroa.144.24.vec.extract2780 = extractelement <2 x float> %acc0.sroa.144.6, i64 0
  %arrayidx5.i1921.6 = getelementptr inbounds i8, ptr addrspace(3) %add.ptr3.i1908, i32 24
  store float %acc0.sroa.144.24.vec.extract2780, ptr addrspace(3) %arrayidx5.i1921.6, align 8, !tbaa !73
  %acc0.sroa.144.28.vec.extract2811 = extractelement <2 x float> %acc0.sroa.144.6, i64 1
  %arrayidx5.i1921.7 = getelementptr inbounds i8, ptr addrspace(3) %add.ptr3.i1908, i32 28
  store float %acc0.sroa.144.28.vec.extract2811, ptr addrspace(3) %arrayidx5.i1921.7, align 4, !tbaa !73
  %cmp6.i1913 = icmp eq i32 %0, 0
  br i1 %cmp6.i1913, label %if.then.i1914, label %_Z27store_case13_headpair_statePfPA2_fiiffPKf.exit1923

if.then.i1914:                                    ; preds = %if.then383
  %arrayidx8.i1916 = getelementptr inbounds [2 x float], ptr addrspace(3) getelementptr inbounds (i8, ptr addrspace(3) @_ZZ60paged_decode_case12_kv8_headpair_z8_direct_three_peer_kernelILb1ELb0ELb0EEvPK15__maca_bfloat16S2_S2_PS0_PKiS5_PfS6_S6_iiiifE9s_storage, i32 8192), i32 %add391
  %arrayidx12.i1917 = getelementptr inbounds i8, ptr addrspace(3) %arrayidx8.i1916, i32 4
  store float %m0.4, ptr addrspace(3) %arrayidx8.i1916, align 8, !tbaa !73
  store float %l0.6, ptr addrspace(3) %arrayidx12.i1917, align 4, !tbaa !73
  br label %_Z27store_case13_headpair_statePfPA2_fiiffPKf.exit1923

_Z27store_case13_headpair_statePfPA2_fiiffPKf.exit1923: ; preds = %if.then383, %if.then.i1914
  %add393 = add nuw nsw i32 %cond390, %add
  %add.ptr.i1899.idx = shl nuw nsw i32 %add393, 9
  %add.ptr.i1899 = getelementptr inbounds i8, ptr addrspace(3) @_ZZ60paged_decode_case12_kv8_headpair_z8_direct_three_peer_kernelILb1ELb0ELb0EEvPK15__maca_bfloat16S2_S2_PS0_PKiS5_PfS6_S6_iiiifE9s_storage, i32 %add.ptr.i1899.idx
  %add.ptr3.i = getelementptr inbounds float, ptr addrspace(3) %add.ptr.i1899, i32 %mul1.i1906
  %acc1.sroa.0.0.vec.extract2346 = extractelement <2 x float> %acc1.sroa.0.6, i64 0
  store float %acc1.sroa.0.0.vec.extract2346, ptr addrspace(3) %add.ptr3.i, align 16, !tbaa !73
  %acc1.sroa.0.4.vec.extract2377 = extractelement <2 x float> %acc1.sroa.0.6, i64 1
  %arrayidx5.i.1 = getelementptr inbounds i8, ptr addrspace(3) %add.ptr3.i, i32 4
  store float %acc1.sroa.0.4.vec.extract2377, ptr addrspace(3) %arrayidx5.i.1, align 4, !tbaa !73
  %acc1.sroa.50.8.vec.extract2408 = extractelement <2 x float> %acc1.sroa.50.6, i64 0
  %arrayidx5.i.2 = getelementptr inbounds i8, ptr addrspace(3) %add.ptr3.i, i32 8
  store float %acc1.sroa.50.8.vec.extract2408, ptr addrspace(3) %arrayidx5.i.2, align 8, !tbaa !73
  %acc1.sroa.50.12.vec.extract2439 = extractelement <2 x float> %acc1.sroa.50.6, i64 1
  %arrayidx5.i.3 = getelementptr inbounds i8, ptr addrspace(3) %add.ptr3.i, i32 12
  store float %acc1.sroa.50.12.vec.extract2439, ptr addrspace(3) %arrayidx5.i.3, align 4, !tbaa !73
  %acc1.sroa.97.16.vec.extract2470 = extractelement <2 x float> %acc1.sroa.97.6, i64 0
  %arrayidx5.i.4 = getelementptr inbounds i8, ptr addrspace(3) %add.ptr3.i, i32 16
  store float %acc1.sroa.97.16.vec.extract2470, ptr addrspace(3) %arrayidx5.i.4, align 16, !tbaa !73
  %acc1.sroa.97.20.vec.extract2501 = extractelement <2 x float> %acc1.sroa.97.6, i64 1
  %arrayidx5.i.5 = getelementptr inbounds i8, ptr addrspace(3) %add.ptr3.i, i32 20
  store float %acc1.sroa.97.20.vec.extract2501, ptr addrspace(3) %arrayidx5.i.5, align 4, !tbaa !73
  %acc1.sroa.144.24.vec.extract2532 = extractelement <2 x float> %acc1.sroa.144.6, i64 0
  %arrayidx5.i.6 = getelementptr inbounds i8, ptr addrspace(3) %add.ptr3.i, i32 24
  store float %acc1.sroa.144.24.vec.extract2532, ptr addrspace(3) %arrayidx5.i.6, align 8, !tbaa !73
  %acc1.sroa.144.28.vec.extract2563 = extractelement <2 x float> %acc1.sroa.144.6, i64 1
  %arrayidx5.i.7 = getelementptr inbounds i8, ptr addrspace(3) %add.ptr3.i, i32 28
  store float %acc1.sroa.144.28.vec.extract2563, ptr addrspace(3) %arrayidx5.i.7, align 4, !tbaa !73
  br i1 %cmp6.i1913, label %if.then.i, label %if.end395

if.then.i:                                        ; preds = %_Z27store_case13_headpair_statePfPA2_fiiffPKf.exit1923
  %arrayidx8.i = getelementptr inbounds [2 x float], ptr addrspace(3) getelementptr inbounds (i8, ptr addrspace(3) @_ZZ60paged_decode_case12_kv8_headpair_z8_direct_three_peer_kernelILb1ELb0ELb0EEvPK15__maca_bfloat16S2_S2_PS0_PKiS5_PfS6_S6_iiiifE9s_storage, i32 8192), i32 %add393
  %arrayidx12.i1901 = getelementptr inbounds i8, ptr addrspace(3) %arrayidx8.i, i32 4
  store float %m1.4, ptr addrspace(3) %arrayidx8.i, align 8, !tbaa !73
  store float %l1.6, ptr addrspace(3) %arrayidx12.i1901, align 4, !tbaa !73
  br label %if.end395

if.end395:                                        ; preds = %if.then.i, %_Z27store_case13_headpair_statePfPA2_fiiffPKf.exit1923, %_Z27merge_case13_intrawave_acc2Pfffb.exit2032
  fence syncscope("block") release
  tail call void @llvm.mxc.barrier()
  fence syncscope("block") acquire
  %cmp396 = icmp eq i32 %2, 0
  br i1 %cmp396, label %if.then397, label %if.end488

if.then397:                                       ; preds = %if.end395
  %arrayidx400 = getelementptr inbounds [2 x float], ptr addrspace(3) getelementptr inbounds (i8, ptr addrspace(3) @_ZZ60paged_decode_case12_kv8_headpair_z8_direct_three_peer_kernelILb1ELb0ELb0EEvPK15__maca_bfloat16S2_S2_PS0_PKiS5_PfS6_S6_iiiifE9s_storage, i32 8192), i32 %1
  %401 = load float, ptr addrspace(3) %arrayidx400, align 8, !tbaa !73
  %arrayidx404 = getelementptr inbounds i8, ptr addrspace(3) %arrayidx400, i32 4
  %402 = load float, ptr addrspace(3) %arrayidx404, align 4, !tbaa !73
  %add.ptr407.idx = shl nuw nsw i32 %1, 9
  %add.ptr407 = getelementptr inbounds i8, ptr addrspace(3) @_ZZ60paged_decode_case12_kv8_headpair_z8_direct_three_peer_kernelILb1ELb0ELb0EEvPK15__maca_bfloat16S2_S2_PS0_PKiS5_PfS6_S6_iiiifE9s_storage, i32 %add.ptr407.idx
  %mul408 = shl nuw nsw i32 %0, 3
  %add.ptr410 = getelementptr inbounds float, ptr addrspace(3) %add.ptr407, i32 %mul408
  %403 = tail call contract noundef float @llvm.maxnum.f32(float %m0.4, float %401)
  %cmp.i976 = fcmp contract ogt float %l0.6, 0.000000e+00
  %sub.i977 = fsub contract float %m0.4, %403
  %404 = tail call contract float @llvm.exp2.f32(float %sub.i977)
  %cond.i978 = select contract i1 %cmp.i976, float %404, float 0.000000e+00
  %cmp1.i979 = fcmp contract ogt float %402, 0.000000e+00
  %sub3.i980 = fsub contract float %401, %403
  %405 = tail call contract float @llvm.exp2.f32(float %sub3.i980)
  %cond6.i981 = select contract i1 %cmp1.i979, float %405, float 0.000000e+00
  %mul.i982 = fmul contract float %l0.6, %cond.i978
  %mul7.i983 = fmul contract float %402, %cond6.i981
  %add.i984 = fadd contract float %mul.i982, %mul7.i983
  %vecinit3.i1004 = insertelement <2 x float> poison, float %cond.i978, i64 0
  %vecinit4.i1005 = shufflevector <2 x float> %vecinit3.i1004, <2 x float> poison, <2 x i32> zeroinitializer
  %406 = tail call contract <2 x float> @llvm.mxc.pk.fma.f32(<2 x float> %acc0.sroa.0.6, <2 x float> %vecinit4.i1005, <2 x float> zeroinitializer)
  %407 = tail call contract <2 x float> @llvm.mxc.pk.fma.f32(<2 x float> %acc0.sroa.50.6, <2 x float> %vecinit4.i1005, <2 x float> zeroinitializer)
  %408 = tail call contract <2 x float> @llvm.mxc.pk.fma.f32(<2 x float> %acc0.sroa.97.6, <2 x float> %vecinit4.i1005, <2 x float> zeroinitializer)
  %409 = tail call contract <2 x float> @llvm.mxc.pk.fma.f32(<2 x float> %acc0.sroa.144.6, <2 x float> %vecinit4.i1005, <2 x float> zeroinitializer)
  %410 = load float, ptr addrspace(3) %add.ptr410, align 16, !tbaa !73
  %vecinit.i1207 = insertelement <2 x float> poison, float %410, i64 0
  %arrayidx1.i1208 = getelementptr inbounds i8, ptr addrspace(3) %add.ptr410, i32 4
  %411 = load float, ptr addrspace(3) %arrayidx1.i1208, align 4, !tbaa !73
  %vecinit2.i1209 = insertelement <2 x float> %vecinit.i1207, float %411, i64 1
  %vecinit3.i1210 = insertelement <2 x float> poison, float %cond6.i981, i64 0
  %vecinit4.i1211 = shufflevector <2 x float> %vecinit3.i1210, <2 x float> poison, <2 x i32> zeroinitializer
  %412 = tail call contract <2 x float> @llvm.mxc.pk.fma.f32(<2 x float> %vecinit2.i1209, <2 x float> %vecinit4.i1211, <2 x float> %406)
  %add.ptr14.i988 = getelementptr inbounds i8, ptr addrspace(3) %add.ptr410, i32 8
  %413 = load float, ptr addrspace(3) %add.ptr14.i988, align 8, !tbaa !73
  %vecinit.i1199 = insertelement <2 x float> poison, float %413, i64 0
  %arrayidx1.i1200 = getelementptr inbounds i8, ptr addrspace(3) %add.ptr410, i32 12
  %414 = load float, ptr addrspace(3) %arrayidx1.i1200, align 4, !tbaa !73
  %vecinit2.i1201 = insertelement <2 x float> %vecinit.i1199, float %414, i64 1
  %415 = tail call contract <2 x float> @llvm.mxc.pk.fma.f32(<2 x float> %vecinit2.i1201, <2 x float> %vecinit4.i1211, <2 x float> %407)
  %add.ptr16.i989 = getelementptr inbounds i8, ptr addrspace(3) %add.ptr410, i32 16
  %416 = load float, ptr addrspace(3) %add.ptr16.i989, align 16, !tbaa !73
  %vecinit.i1191 = insertelement <2 x float> poison, float %416, i64 0
  %arrayidx1.i1192 = getelementptr inbounds i8, ptr addrspace(3) %add.ptr410, i32 20
  %417 = load float, ptr addrspace(3) %arrayidx1.i1192, align 4, !tbaa !73
  %vecinit2.i1193 = insertelement <2 x float> %vecinit.i1191, float %417, i64 1
  %418 = tail call contract <2 x float> @llvm.mxc.pk.fma.f32(<2 x float> %vecinit2.i1193, <2 x float> %vecinit4.i1211, <2 x float> %408)
  %add.ptr18.i990 = getelementptr inbounds i8, ptr addrspace(3) %add.ptr410, i32 24
  %419 = load float, ptr addrspace(3) %add.ptr18.i990, align 8, !tbaa !73
  %vecinit.i1186 = insertelement <2 x float> poison, float %419, i64 0
  %arrayidx1.i1187 = getelementptr inbounds i8, ptr addrspace(3) %add.ptr410, i32 28
  %420 = load float, ptr addrspace(3) %arrayidx1.i1187, align 4, !tbaa !73
  %vecinit2.i1188 = insertelement <2 x float> %vecinit.i1186, float %420, i64 1
  %421 = tail call contract <2 x float> @llvm.mxc.pk.fma.f32(<2 x float> %vecinit2.i1188, <2 x float> %vecinit4.i1211, <2 x float> %409)
  %arrayidx413 = getelementptr inbounds [2 x float], ptr addrspace(3) getelementptr inbounds (i8, ptr addrspace(3) @_ZZ60paged_decode_case12_kv8_headpair_z8_direct_three_peer_kernelILb1ELb0ELb0EEvPK15__maca_bfloat16S2_S2_PS0_PKiS5_PfS6_S6_iiiifE9s_storage, i32 8192), i32 %add
  %422 = load float, ptr addrspace(3) %arrayidx413, align 8, !tbaa !73
  %arrayidx417 = getelementptr inbounds i8, ptr addrspace(3) %arrayidx413, i32 4
  %423 = load float, ptr addrspace(3) %arrayidx417, align 4, !tbaa !73
  %add.ptr420.idx = shl nuw nsw i32 %add, 9
  %add.ptr420 = getelementptr inbounds i8, ptr addrspace(3) @_ZZ60paged_decode_case12_kv8_headpair_z8_direct_three_peer_kernelILb1ELb0ELb0EEvPK15__maca_bfloat16S2_S2_PS0_PKiS5_PfS6_S6_iiiifE9s_storage, i32 %add.ptr420.idx
  %add.ptr423 = getelementptr inbounds float, ptr addrspace(3) %add.ptr420, i32 %mul408
  %424 = tail call contract noundef float @llvm.maxnum.f32(float %m1.4, float %422)
  %cmp.i960 = fcmp contract ogt float %l1.6, 0.000000e+00
  %sub.i961 = fsub contract float %m1.4, %424
  %425 = tail call contract float @llvm.exp2.f32(float %sub.i961)
  %cond.i962 = select contract i1 %cmp.i960, float %425, float 0.000000e+00
  %cmp1.i963 = fcmp contract ogt float %423, 0.000000e+00
  %sub3.i964 = fsub contract float %422, %424
  %426 = tail call contract float @llvm.exp2.f32(float %sub3.i964)
  %cond6.i965 = select contract i1 %cmp1.i963, float %426, float 0.000000e+00
  %mul.i966 = fmul contract float %l1.6, %cond.i962
  %mul7.i967 = fmul contract float %423, %cond6.i965
  %add.i968 = fadd contract float %mul.i966, %mul7.i967
  %vecinit3.i1024 = insertelement <2 x float> poison, float %cond.i962, i64 0
  %vecinit4.i1025 = shufflevector <2 x float> %vecinit3.i1024, <2 x float> poison, <2 x i32> zeroinitializer
  %427 = tail call contract <2 x float> @llvm.mxc.pk.fma.f32(<2 x float> %acc1.sroa.0.6, <2 x float> %vecinit4.i1025, <2 x float> zeroinitializer)
  %428 = tail call contract <2 x float> @llvm.mxc.pk.fma.f32(<2 x float> %acc1.sroa.50.6, <2 x float> %vecinit4.i1025, <2 x float> zeroinitializer)
  %429 = tail call contract <2 x float> @llvm.mxc.pk.fma.f32(<2 x float> %acc1.sroa.97.6, <2 x float> %vecinit4.i1025, <2 x float> zeroinitializer)
  %430 = tail call contract <2 x float> @llvm.mxc.pk.fma.f32(<2 x float> %acc1.sroa.144.6, <2 x float> %vecinit4.i1025, <2 x float> zeroinitializer)
  %431 = load float, ptr addrspace(3) %add.ptr423, align 16, !tbaa !73
  %vecinit.i1239 = insertelement <2 x float> poison, float %431, i64 0
  %arrayidx1.i1240 = getelementptr inbounds i8, ptr addrspace(3) %add.ptr423, i32 4
  %432 = load float, ptr addrspace(3) %arrayidx1.i1240, align 4, !tbaa !73
  %vecinit2.i1241 = insertelement <2 x float> %vecinit.i1239, float %432, i64 1
  %vecinit3.i1242 = insertelement <2 x float> poison, float %cond6.i965, i64 0
  %vecinit4.i1243 = shufflevector <2 x float> %vecinit3.i1242, <2 x float> poison, <2 x i32> zeroinitializer
  %433 = tail call contract <2 x float> @llvm.mxc.pk.fma.f32(<2 x float> %vecinit2.i1241, <2 x float> %vecinit4.i1243, <2 x float> %427)
  %add.ptr14.i972 = getelementptr inbounds i8, ptr addrspace(3) %add.ptr423, i32 8
  %434 = load float, ptr addrspace(3) %add.ptr14.i972, align 8, !tbaa !73
  %vecinit.i1231 = insertelement <2 x float> poison, float %434, i64 0
  %arrayidx1.i1232 = getelementptr inbounds i8, ptr addrspace(3) %add.ptr423, i32 12
  %435 = load float, ptr addrspace(3) %arrayidx1.i1232, align 4, !tbaa !73
  %vecinit2.i1233 = insertelement <2 x float> %vecinit.i1231, float %435, i64 1
  %436 = tail call contract <2 x float> @llvm.mxc.pk.fma.f32(<2 x float> %vecinit2.i1233, <2 x float> %vecinit4.i1243, <2 x float> %428)
  %add.ptr16.i973 = getelementptr inbounds i8, ptr addrspace(3) %add.ptr423, i32 16
  %437 = load float, ptr addrspace(3) %add.ptr16.i973, align 16, !tbaa !73
  %vecinit.i1223 = insertelement <2 x float> poison, float %437, i64 0
  %arrayidx1.i1224 = getelementptr inbounds i8, ptr addrspace(3) %add.ptr423, i32 20
  %438 = load float, ptr addrspace(3) %arrayidx1.i1224, align 4, !tbaa !73
  %vecinit2.i1225 = insertelement <2 x float> %vecinit.i1223, float %438, i64 1
  %439 = tail call contract <2 x float> @llvm.mxc.pk.fma.f32(<2 x float> %vecinit2.i1225, <2 x float> %vecinit4.i1243, <2 x float> %429)
  %add.ptr18.i974 = getelementptr inbounds i8, ptr addrspace(3) %add.ptr423, i32 24
  %440 = load float, ptr addrspace(3) %add.ptr18.i974, align 8, !tbaa !73
  %vecinit.i1215 = insertelement <2 x float> poison, float %440, i64 0
  %arrayidx1.i1216 = getelementptr inbounds i8, ptr addrspace(3) %add.ptr423, i32 28
  %441 = load float, ptr addrspace(3) %arrayidx1.i1216, align 4, !tbaa !73
  %vecinit2.i1217 = insertelement <2 x float> %vecinit.i1215, float %441, i64 1
  %442 = tail call contract <2 x float> @llvm.mxc.pk.fma.f32(<2 x float> %vecinit2.i1217, <2 x float> %vecinit4.i1243, <2 x float> %430)
  %add425 = add nuw nsw i32 %1, 4
  %arrayidx427 = getelementptr inbounds [2 x float], ptr addrspace(3) getelementptr inbounds (i8, ptr addrspace(3) @_ZZ60paged_decode_case12_kv8_headpair_z8_direct_three_peer_kernelILb1ELb0ELb0EEvPK15__maca_bfloat16S2_S2_PS0_PKiS5_PfS6_S6_iiiifE9s_storage, i32 8192), i32 %add425
  %443 = load float, ptr addrspace(3) %arrayidx427, align 8, !tbaa !73
  %arrayidx432 = getelementptr inbounds i8, ptr addrspace(3) %arrayidx427, i32 4
  %444 = load float, ptr addrspace(3) %arrayidx432, align 4, !tbaa !73
  %add.ptr436.idx = shl nuw nsw i32 %add425, 9
  %add.ptr436 = getelementptr inbounds i8, ptr addrspace(3) @_ZZ60paged_decode_case12_kv8_headpair_z8_direct_three_peer_kernelILb1ELb0ELb0EEvPK15__maca_bfloat16S2_S2_PS0_PKiS5_PfS6_S6_iiiifE9s_storage, i32 %add.ptr436.idx
  %add.ptr439 = getelementptr inbounds float, ptr addrspace(3) %add.ptr436, i32 %mul408
  %445 = tail call contract noundef float @llvm.maxnum.f32(float %403, float %443)
  %cmp.i944 = fcmp contract ogt float %add.i984, 0.000000e+00
  %sub.i945 = fsub contract float %403, %445
  %446 = tail call contract float @llvm.exp2.f32(float %sub.i945)
  %cond.i946 = select contract i1 %cmp.i944, float %446, float 0.000000e+00
  %cmp1.i947 = fcmp contract ogt float %444, 0.000000e+00
  %sub3.i948 = fsub contract float %443, %445
  %447 = tail call contract float @llvm.exp2.f32(float %sub3.i948)
  %cond6.i949 = select contract i1 %cmp1.i947, float %447, float 0.000000e+00
  %mul.i950 = fmul contract float %add.i984, %cond.i946
  %mul7.i951 = fmul contract float %444, %cond6.i949
  %add.i952 = fadd contract float %mul.i950, %mul7.i951
  %vecinit3.i1044 = insertelement <2 x float> poison, float %cond.i946, i64 0
  %vecinit4.i1045 = shufflevector <2 x float> %vecinit3.i1044, <2 x float> poison, <2 x i32> zeroinitializer
  %448 = tail call contract <2 x float> @llvm.mxc.pk.fma.f32(<2 x float> %412, <2 x float> %vecinit4.i1045, <2 x float> zeroinitializer)
  %449 = tail call contract <2 x float> @llvm.mxc.pk.fma.f32(<2 x float> %415, <2 x float> %vecinit4.i1045, <2 x float> zeroinitializer)
  %450 = tail call contract <2 x float> @llvm.mxc.pk.fma.f32(<2 x float> %418, <2 x float> %vecinit4.i1045, <2 x float> zeroinitializer)
  %451 = tail call contract <2 x float> @llvm.mxc.pk.fma.f32(<2 x float> %421, <2 x float> %vecinit4.i1045, <2 x float> zeroinitializer)
  %452 = load float, ptr addrspace(3) %add.ptr439, align 16, !tbaa !73
  %vecinit.i1271 = insertelement <2 x float> poison, float %452, i64 0
  %arrayidx1.i1272 = getelementptr inbounds i8, ptr addrspace(3) %add.ptr439, i32 4
  %453 = load float, ptr addrspace(3) %arrayidx1.i1272, align 4, !tbaa !73
  %vecinit2.i1273 = insertelement <2 x float> %vecinit.i1271, float %453, i64 1
  %vecinit3.i1274 = insertelement <2 x float> poison, float %cond6.i949, i64 0
  %vecinit4.i1275 = shufflevector <2 x float> %vecinit3.i1274, <2 x float> poison, <2 x i32> zeroinitializer
  %454 = tail call contract <2 x float> @llvm.mxc.pk.fma.f32(<2 x float> %vecinit2.i1273, <2 x float> %vecinit4.i1275, <2 x float> %448)
  %add.ptr14.i956 = getelementptr inbounds i8, ptr addrspace(3) %add.ptr439, i32 8
  %455 = load float, ptr addrspace(3) %add.ptr14.i956, align 8, !tbaa !73
  %vecinit.i1263 = insertelement <2 x float> poison, float %455, i64 0
  %arrayidx1.i1264 = getelementptr inbounds i8, ptr addrspace(3) %add.ptr439, i32 12
  %456 = load float, ptr addrspace(3) %arrayidx1.i1264, align 4, !tbaa !73
  %vecinit2.i1265 = insertelement <2 x float> %vecinit.i1263, float %456, i64 1
  %457 = tail call contract <2 x float> @llvm.mxc.pk.fma.f32(<2 x float> %vecinit2.i1265, <2 x float> %vecinit4.i1275, <2 x float> %449)
  %add.ptr16.i957 = getelementptr inbounds i8, ptr addrspace(3) %add.ptr439, i32 16
  %458 = load float, ptr addrspace(3) %add.ptr16.i957, align 16, !tbaa !73
  %vecinit.i1255 = insertelement <2 x float> poison, float %458, i64 0
  %arrayidx1.i1256 = getelementptr inbounds i8, ptr addrspace(3) %add.ptr439, i32 20
  %459 = load float, ptr addrspace(3) %arrayidx1.i1256, align 4, !tbaa !73
  %vecinit2.i1257 = insertelement <2 x float> %vecinit.i1255, float %459, i64 1
  %460 = tail call contract <2 x float> @llvm.mxc.pk.fma.f32(<2 x float> %vecinit2.i1257, <2 x float> %vecinit4.i1275, <2 x float> %450)
  %add.ptr18.i958 = getelementptr inbounds i8, ptr addrspace(3) %add.ptr439, i32 24
  %461 = load float, ptr addrspace(3) %add.ptr18.i958, align 8, !tbaa !73
  %vecinit.i1247 = insertelement <2 x float> poison, float %461, i64 0
  %arrayidx1.i1248 = getelementptr inbounds i8, ptr addrspace(3) %add.ptr439, i32 28
  %462 = load float, ptr addrspace(3) %arrayidx1.i1248, align 4, !tbaa !73
  %vecinit2.i1249 = insertelement <2 x float> %vecinit.i1247, float %462, i64 1
  %463 = tail call contract <2 x float> @llvm.mxc.pk.fma.f32(<2 x float> %vecinit2.i1249, <2 x float> %vecinit4.i1275, <2 x float> %451)
  %add441 = add nuw nsw i32 %1, 6
  %arrayidx443 = getelementptr inbounds [2 x float], ptr addrspace(3) getelementptr inbounds (i8, ptr addrspace(3) @_ZZ60paged_decode_case12_kv8_headpair_z8_direct_three_peer_kernelILb1ELb0ELb0EEvPK15__maca_bfloat16S2_S2_PS0_PKiS5_PfS6_S6_iiiifE9s_storage, i32 8192), i32 %add441
  %464 = load float, ptr addrspace(3) %arrayidx443, align 8, !tbaa !73
  %arrayidx448 = getelementptr inbounds i8, ptr addrspace(3) %arrayidx443, i32 4
  %465 = load float, ptr addrspace(3) %arrayidx448, align 4, !tbaa !73
  %add.ptr452.idx = shl nuw nsw i32 %add441, 9
  %add.ptr452 = getelementptr inbounds i8, ptr addrspace(3) @_ZZ60paged_decode_case12_kv8_headpair_z8_direct_three_peer_kernelILb1ELb0ELb0EEvPK15__maca_bfloat16S2_S2_PS0_PKiS5_PfS6_S6_iiiifE9s_storage, i32 %add.ptr452.idx
  %add.ptr455 = getelementptr inbounds float, ptr addrspace(3) %add.ptr452, i32 %mul408
  %466 = tail call contract noundef float @llvm.maxnum.f32(float %424, float %464)
  %cmp.i928 = fcmp contract ogt float %add.i968, 0.000000e+00
  %sub.i929 = fsub contract float %424, %466
  %467 = tail call contract float @llvm.exp2.f32(float %sub.i929)
  %cond.i930 = select contract i1 %cmp.i928, float %467, float 0.000000e+00
  %cmp1.i931 = fcmp contract ogt float %465, 0.000000e+00
  %sub3.i932 = fsub contract float %464, %466
  %468 = tail call contract float @llvm.exp2.f32(float %sub3.i932)
  %cond6.i933 = select contract i1 %cmp1.i931, float %468, float 0.000000e+00
  %mul.i934 = fmul contract float %add.i968, %cond.i930
  %mul7.i935 = fmul contract float %465, %cond6.i933
  %add.i936 = fadd contract float %mul.i934, %mul7.i935
  %vecinit3.i1064 = insertelement <2 x float> poison, float %cond.i930, i64 0
  %vecinit4.i1065 = shufflevector <2 x float> %vecinit3.i1064, <2 x float> poison, <2 x i32> zeroinitializer
  %469 = tail call contract <2 x float> @llvm.mxc.pk.fma.f32(<2 x float> %433, <2 x float> %vecinit4.i1065, <2 x float> zeroinitializer)
  %470 = tail call contract <2 x float> @llvm.mxc.pk.fma.f32(<2 x float> %436, <2 x float> %vecinit4.i1065, <2 x float> zeroinitializer)
  %471 = tail call contract <2 x float> @llvm.mxc.pk.fma.f32(<2 x float> %439, <2 x float> %vecinit4.i1065, <2 x float> zeroinitializer)
  %472 = tail call contract <2 x float> @llvm.mxc.pk.fma.f32(<2 x float> %442, <2 x float> %vecinit4.i1065, <2 x float> zeroinitializer)
  %473 = load float, ptr addrspace(3) %add.ptr455, align 16, !tbaa !73
  %vecinit.i1303 = insertelement <2 x float> poison, float %473, i64 0
  %arrayidx1.i1304 = getelementptr inbounds i8, ptr addrspace(3) %add.ptr455, i32 4
  %474 = load float, ptr addrspace(3) %arrayidx1.i1304, align 4, !tbaa !73
  %vecinit2.i1305 = insertelement <2 x float> %vecinit.i1303, float %474, i64 1
  %vecinit3.i1306 = insertelement <2 x float> poison, float %cond6.i933, i64 0
  %vecinit4.i1307 = shufflevector <2 x float> %vecinit3.i1306, <2 x float> poison, <2 x i32> zeroinitializer
  %475 = tail call contract <2 x float> @llvm.mxc.pk.fma.f32(<2 x float> %vecinit2.i1305, <2 x float> %vecinit4.i1307, <2 x float> %469)
  %add.ptr14.i940 = getelementptr inbounds i8, ptr addrspace(3) %add.ptr455, i32 8
  %476 = load float, ptr addrspace(3) %add.ptr14.i940, align 8, !tbaa !73
  %vecinit.i1295 = insertelement <2 x float> poison, float %476, i64 0
  %arrayidx1.i1296 = getelementptr inbounds i8, ptr addrspace(3) %add.ptr455, i32 12
  %477 = load float, ptr addrspace(3) %arrayidx1.i1296, align 4, !tbaa !73
  %vecinit2.i1297 = insertelement <2 x float> %vecinit.i1295, float %477, i64 1
  %478 = tail call contract <2 x float> @llvm.mxc.pk.fma.f32(<2 x float> %vecinit2.i1297, <2 x float> %vecinit4.i1307, <2 x float> %470)
  %add.ptr16.i941 = getelementptr inbounds i8, ptr addrspace(3) %add.ptr455, i32 16
  %479 = load float, ptr addrspace(3) %add.ptr16.i941, align 16, !tbaa !73
  %vecinit.i1287 = insertelement <2 x float> poison, float %479, i64 0
  %arrayidx1.i1288 = getelementptr inbounds i8, ptr addrspace(3) %add.ptr455, i32 20
  %480 = load float, ptr addrspace(3) %arrayidx1.i1288, align 4, !tbaa !73
  %vecinit2.i1289 = insertelement <2 x float> %vecinit.i1287, float %480, i64 1
  %481 = tail call contract <2 x float> @llvm.mxc.pk.fma.f32(<2 x float> %vecinit2.i1289, <2 x float> %vecinit4.i1307, <2 x float> %471)
  %add.ptr18.i942 = getelementptr inbounds i8, ptr addrspace(3) %add.ptr455, i32 24
  %482 = load float, ptr addrspace(3) %add.ptr18.i942, align 8, !tbaa !73
  %vecinit.i1279 = insertelement <2 x float> poison, float %482, i64 0
  %arrayidx1.i1280 = getelementptr inbounds i8, ptr addrspace(3) %add.ptr455, i32 28
  %483 = load float, ptr addrspace(3) %arrayidx1.i1280, align 4, !tbaa !73
  %vecinit2.i1281 = insertelement <2 x float> %vecinit.i1279, float %483, i64 1
  %484 = tail call contract <2 x float> @llvm.mxc.pk.fma.f32(<2 x float> %vecinit2.i1281, <2 x float> %vecinit4.i1307, <2 x float> %472)
  %add457 = add nuw nsw i32 %1, 8
  %arrayidx459 = getelementptr inbounds [2 x float], ptr addrspace(3) getelementptr inbounds (i8, ptr addrspace(3) @_ZZ60paged_decode_case12_kv8_headpair_z8_direct_three_peer_kernelILb1ELb0ELb0EEvPK15__maca_bfloat16S2_S2_PS0_PKiS5_PfS6_S6_iiiifE9s_storage, i32 8192), i32 %add457
  %485 = load float, ptr addrspace(3) %arrayidx459, align 8, !tbaa !73
  %arrayidx464 = getelementptr inbounds i8, ptr addrspace(3) %arrayidx459, i32 4
  %486 = load float, ptr addrspace(3) %arrayidx464, align 4, !tbaa !73
  %add.ptr468.idx = shl nuw nsw i32 %add457, 9
  %add.ptr468 = getelementptr inbounds i8, ptr addrspace(3) @_ZZ60paged_decode_case12_kv8_headpair_z8_direct_three_peer_kernelILb1ELb0ELb0EEvPK15__maca_bfloat16S2_S2_PS0_PKiS5_PfS6_S6_iiiifE9s_storage, i32 %add.ptr468.idx
  %add.ptr471 = getelementptr inbounds float, ptr addrspace(3) %add.ptr468, i32 %mul408
  %487 = tail call contract noundef float @llvm.maxnum.f32(float %445, float %485)
  %cmp.i912 = fcmp contract ogt float %add.i952, 0.000000e+00
  %sub.i913 = fsub contract float %445, %487
  %488 = tail call contract float @llvm.exp2.f32(float %sub.i913)
  %cond.i914 = select contract i1 %cmp.i912, float %488, float 0.000000e+00
  %cmp1.i915 = fcmp contract ogt float %486, 0.000000e+00
  %sub3.i916 = fsub contract float %485, %487
  %489 = tail call contract float @llvm.exp2.f32(float %sub3.i916)
  %cond6.i917 = select contract i1 %cmp1.i915, float %489, float 0.000000e+00
  %mul.i918 = fmul contract float %add.i952, %cond.i914
  %mul7.i919 = fmul contract float %486, %cond6.i917
  %add.i920 = fadd contract float %mul.i918, %mul7.i919
  %vecinit3.i1084 = insertelement <2 x float> poison, float %cond.i914, i64 0
  %vecinit4.i1085 = shufflevector <2 x float> %vecinit3.i1084, <2 x float> poison, <2 x i32> zeroinitializer
  %490 = tail call contract <2 x float> @llvm.mxc.pk.fma.f32(<2 x float> %454, <2 x float> %vecinit4.i1085, <2 x float> zeroinitializer)
  %491 = tail call contract <2 x float> @llvm.mxc.pk.fma.f32(<2 x float> %457, <2 x float> %vecinit4.i1085, <2 x float> zeroinitializer)
  %492 = tail call contract <2 x float> @llvm.mxc.pk.fma.f32(<2 x float> %460, <2 x float> %vecinit4.i1085, <2 x float> zeroinitializer)
  %493 = tail call contract <2 x float> @llvm.mxc.pk.fma.f32(<2 x float> %463, <2 x float> %vecinit4.i1085, <2 x float> zeroinitializer)
  %494 = load float, ptr addrspace(3) %add.ptr471, align 16, !tbaa !73
  %vecinit.i1335 = insertelement <2 x float> poison, float %494, i64 0
  %arrayidx1.i1336 = getelementptr inbounds i8, ptr addrspace(3) %add.ptr471, i32 4
  %495 = load float, ptr addrspace(3) %arrayidx1.i1336, align 4, !tbaa !73
  %vecinit2.i1337 = insertelement <2 x float> %vecinit.i1335, float %495, i64 1
  %vecinit3.i1338 = insertelement <2 x float> poison, float %cond6.i917, i64 0
  %vecinit4.i1339 = shufflevector <2 x float> %vecinit3.i1338, <2 x float> poison, <2 x i32> zeroinitializer
  %496 = tail call contract <2 x float> @llvm.mxc.pk.fma.f32(<2 x float> %vecinit2.i1337, <2 x float> %vecinit4.i1339, <2 x float> %490)
  %add.ptr14.i924 = getelementptr inbounds i8, ptr addrspace(3) %add.ptr471, i32 8
  %497 = load float, ptr addrspace(3) %add.ptr14.i924, align 8, !tbaa !73
  %vecinit.i1327 = insertelement <2 x float> poison, float %497, i64 0
  %arrayidx1.i1328 = getelementptr inbounds i8, ptr addrspace(3) %add.ptr471, i32 12
  %498 = load float, ptr addrspace(3) %arrayidx1.i1328, align 4, !tbaa !73
  %vecinit2.i1329 = insertelement <2 x float> %vecinit.i1327, float %498, i64 1
  %499 = tail call contract <2 x float> @llvm.mxc.pk.fma.f32(<2 x float> %vecinit2.i1329, <2 x float> %vecinit4.i1339, <2 x float> %491)
  %add.ptr16.i925 = getelementptr inbounds i8, ptr addrspace(3) %add.ptr471, i32 16
  %500 = load float, ptr addrspace(3) %add.ptr16.i925, align 16, !tbaa !73
  %vecinit.i1319 = insertelement <2 x float> poison, float %500, i64 0
  %arrayidx1.i1320 = getelementptr inbounds i8, ptr addrspace(3) %add.ptr471, i32 20
  %501 = load float, ptr addrspace(3) %arrayidx1.i1320, align 4, !tbaa !73
  %vecinit2.i1321 = insertelement <2 x float> %vecinit.i1319, float %501, i64 1
  %502 = tail call contract <2 x float> @llvm.mxc.pk.fma.f32(<2 x float> %vecinit2.i1321, <2 x float> %vecinit4.i1339, <2 x float> %492)
  %add.ptr18.i926 = getelementptr inbounds i8, ptr addrspace(3) %add.ptr471, i32 24
  %503 = load float, ptr addrspace(3) %add.ptr18.i926, align 8, !tbaa !73
  %vecinit.i1311 = insertelement <2 x float> poison, float %503, i64 0
  %arrayidx1.i1312 = getelementptr inbounds i8, ptr addrspace(3) %add.ptr471, i32 28
  %504 = load float, ptr addrspace(3) %arrayidx1.i1312, align 4, !tbaa !73
  %vecinit2.i1313 = insertelement <2 x float> %vecinit.i1311, float %504, i64 1
  %505 = tail call contract <2 x float> @llvm.mxc.pk.fma.f32(<2 x float> %vecinit2.i1313, <2 x float> %vecinit4.i1339, <2 x float> %493)
  %add473 = add nuw nsw i32 %1, 10
  %arrayidx475 = getelementptr inbounds [2 x float], ptr addrspace(3) getelementptr inbounds (i8, ptr addrspace(3) @_ZZ60paged_decode_case12_kv8_headpair_z8_direct_three_peer_kernelILb1ELb0ELb0EEvPK15__maca_bfloat16S2_S2_PS0_PKiS5_PfS6_S6_iiiifE9s_storage, i32 8192), i32 %add473
  %506 = load float, ptr addrspace(3) %arrayidx475, align 8, !tbaa !73
  %arrayidx480 = getelementptr inbounds i8, ptr addrspace(3) %arrayidx475, i32 4
  %507 = load float, ptr addrspace(3) %arrayidx480, align 4, !tbaa !73
  %add.ptr484.idx = shl nuw nsw i32 %add473, 9
  %add.ptr484 = getelementptr inbounds i8, ptr addrspace(3) @_ZZ60paged_decode_case12_kv8_headpair_z8_direct_three_peer_kernelILb1ELb0ELb0EEvPK15__maca_bfloat16S2_S2_PS0_PKiS5_PfS6_S6_iiiifE9s_storage, i32 %add.ptr484.idx
  %add.ptr487 = getelementptr inbounds float, ptr addrspace(3) %add.ptr484, i32 %mul408
  %508 = tail call contract noundef float @llvm.maxnum.f32(float %466, float %506)
  %cmp.i = fcmp contract ogt float %add.i936, 0.000000e+00
  %sub.i = fsub contract float %466, %508
  %509 = tail call contract float @llvm.exp2.f32(float %sub.i)
  %cond.i = select contract i1 %cmp.i, float %509, float 0.000000e+00
  %cmp1.i = fcmp contract ogt float %507, 0.000000e+00
  %sub3.i = fsub contract float %506, %508
  %510 = tail call contract float @llvm.exp2.f32(float %sub3.i)
  %cond6.i = select contract i1 %cmp1.i, float %510, float 0.000000e+00
  %mul.i = fmul contract float %add.i936, %cond.i
  %mul7.i = fmul contract float %507, %cond6.i
  %add.i = fadd contract float %mul.i, %mul7.i
  %vecinit3.i1104 = insertelement <2 x float> poison, float %cond.i, i64 0
  %vecinit4.i1105 = shufflevector <2 x float> %vecinit3.i1104, <2 x float> poison, <2 x i32> zeroinitializer
  %511 = tail call contract <2 x float> @llvm.mxc.pk.fma.f32(<2 x float> %475, <2 x float> %vecinit4.i1105, <2 x float> zeroinitializer)
  %512 = tail call contract <2 x float> @llvm.mxc.pk.fma.f32(<2 x float> %478, <2 x float> %vecinit4.i1105, <2 x float> zeroinitializer)
  %513 = tail call contract <2 x float> @llvm.mxc.pk.fma.f32(<2 x float> %481, <2 x float> %vecinit4.i1105, <2 x float> zeroinitializer)
  %514 = tail call contract <2 x float> @llvm.mxc.pk.fma.f32(<2 x float> %484, <2 x float> %vecinit4.i1105, <2 x float> zeroinitializer)
  %515 = load float, ptr addrspace(3) %add.ptr487, align 16, !tbaa !73
  %vecinit.i1367 = insertelement <2 x float> poison, float %515, i64 0
  %arrayidx1.i1368 = getelementptr inbounds i8, ptr addrspace(3) %add.ptr487, i32 4
  %516 = load float, ptr addrspace(3) %arrayidx1.i1368, align 4, !tbaa !73
  %vecinit2.i1369 = insertelement <2 x float> %vecinit.i1367, float %516, i64 1
  %vecinit3.i1370 = insertelement <2 x float> poison, float %cond6.i, i64 0
  %vecinit4.i1371 = shufflevector <2 x float> %vecinit3.i1370, <2 x float> poison, <2 x i32> zeroinitializer
  %517 = tail call contract <2 x float> @llvm.mxc.pk.fma.f32(<2 x float> %vecinit2.i1369, <2 x float> %vecinit4.i1371, <2 x float> %511)
  %add.ptr14.i = getelementptr inbounds i8, ptr addrspace(3) %add.ptr487, i32 8
  %518 = load float, ptr addrspace(3) %add.ptr14.i, align 8, !tbaa !73
  %vecinit.i1359 = insertelement <2 x float> poison, float %518, i64 0
  %arrayidx1.i1360 = getelementptr inbounds i8, ptr addrspace(3) %add.ptr487, i32 12
  %519 = load float, ptr addrspace(3) %arrayidx1.i1360, align 4, !tbaa !73
  %vecinit2.i1361 = insertelement <2 x float> %vecinit.i1359, float %519, i64 1
  %520 = tail call contract <2 x float> @llvm.mxc.pk.fma.f32(<2 x float> %vecinit2.i1361, <2 x float> %vecinit4.i1371, <2 x float> %512)
  %add.ptr16.i = getelementptr inbounds i8, ptr addrspace(3) %add.ptr487, i32 16
  %521 = load float, ptr addrspace(3) %add.ptr16.i, align 16, !tbaa !73
  %vecinit.i1351 = insertelement <2 x float> poison, float %521, i64 0
  %arrayidx1.i1352 = getelementptr inbounds i8, ptr addrspace(3) %add.ptr487, i32 20
  %522 = load float, ptr addrspace(3) %arrayidx1.i1352, align 4, !tbaa !73
  %vecinit2.i1353 = insertelement <2 x float> %vecinit.i1351, float %522, i64 1
  %523 = tail call contract <2 x float> @llvm.mxc.pk.fma.f32(<2 x float> %vecinit2.i1353, <2 x float> %vecinit4.i1371, <2 x float> %513)
  %add.ptr18.i = getelementptr inbounds i8, ptr addrspace(3) %add.ptr487, i32 24
  %524 = load float, ptr addrspace(3) %add.ptr18.i, align 8, !tbaa !73
  %vecinit.i1343 = insertelement <2 x float> poison, float %524, i64 0
  %arrayidx1.i1344 = getelementptr inbounds i8, ptr addrspace(3) %add.ptr487, i32 28
  %525 = load float, ptr addrspace(3) %arrayidx1.i1344, align 4, !tbaa !73
  %vecinit2.i1345 = insertelement <2 x float> %vecinit.i1343, float %525, i64 1
  %526 = tail call contract <2 x float> @llvm.mxc.pk.fma.f32(<2 x float> %vecinit2.i1345, <2 x float> %vecinit4.i1371, <2 x float> %514)
  br label %if.end488

if.end488:                                        ; preds = %if.then397, %if.end395
  %acc0.sroa.144.7 = phi <2 x float> [ %505, %if.then397 ], [ %acc0.sroa.144.6, %if.end395 ]
  %acc0.sroa.97.7 = phi <2 x float> [ %502, %if.then397 ], [ %acc0.sroa.97.6, %if.end395 ]
  %acc0.sroa.50.7 = phi <2 x float> [ %499, %if.then397 ], [ %acc0.sroa.50.6, %if.end395 ]
  %acc0.sroa.0.7 = phi <2 x float> [ %496, %if.then397 ], [ %acc0.sroa.0.6, %if.end395 ]
  %acc1.sroa.144.7 = phi <2 x float> [ %526, %if.then397 ], [ %acc1.sroa.144.6, %if.end395 ]
  %acc1.sroa.97.7 = phi <2 x float> [ %523, %if.then397 ], [ %acc1.sroa.97.6, %if.end395 ]
  %acc1.sroa.50.7 = phi <2 x float> [ %520, %if.then397 ], [ %acc1.sroa.50.6, %if.end395 ]
  %acc1.sroa.0.7 = phi <2 x float> [ %517, %if.then397 ], [ %acc1.sroa.0.6, %if.end395 ]
  %l1.7 = phi float [ %add.i, %if.then397 ], [ %l1.6, %if.end395 ]
  %l0.7 = phi float [ %add.i920, %if.then397 ], [ %l0.6, %if.end395 ]
  %m1.5 = phi float [ %508, %if.then397 ], [ %m1.4, %if.end395 ]
  %m0.5 = phi float [ %487, %if.then397 ], [ %m0.4, %if.end395 ]
  br i1 %cmp396, label %if.then490, label %cleanup

if.then490:                                       ; preds = %if.end488
  %mul491 = mul nsw i32 %4, %batch_size
  %add492 = add nsw i32 %mul491, %shr
  %mul493 = shl nsw i32 %add492, 5
  %add494 = add nsw i32 %mul493, %add15
  %add498 = add nsw i32 %mul493, %add17
  %cmp499 = icmp eq i32 %0, 0
  br i1 %cmp499, label %if.then500, label %if.end508

if.then500:                                       ; preds = %if.then490
  %527 = tail call i32 @llvm.mxc.gethwreg(i32 2177)
  tail call void @llvm.mxc.sethwreg(i32 2177, i32 0), !noalias !188
  %528 = fptrunc float %m0.5 to half
  tail call void @llvm.mxc.sethwreg(i32 2177, i32 %527), !noalias !188
  %529 = tail call i32 @llvm.mxc.gethwreg(i32 2177)
  tail call void @llvm.mxc.sethwreg(i32 2177, i32 0), !noalias !188
  %530 = fptrunc float %l0.7 to half
  tail call void @llvm.mxc.sethwreg(i32 2177, i32 %529), !noalias !188
  %idx.ext501 = sext i32 %add494 to i64
  %add.ptr502 = getelementptr inbounds float, ptr addrspace(1) %partial_m.coerce, i64 %idx.ext501
  store half %528, ptr addrspace(1) %add.ptr502, align 4, !tbaa !16
  %add.ptr502.sroa_idx = getelementptr inbounds i8, ptr addrspace(1) %add.ptr502, i64 2
  store half %530, ptr addrspace(1) %add.ptr502.sroa_idx, align 2, !tbaa !16
  %531 = tail call i32 @llvm.mxc.gethwreg(i32 2177)
  tail call void @llvm.mxc.sethwreg(i32 2177, i32 0), !noalias !191
  %532 = fptrunc float %m1.5 to half
  tail call void @llvm.mxc.sethwreg(i32 2177, i32 %531), !noalias !191
  %533 = tail call i32 @llvm.mxc.gethwreg(i32 2177)
  tail call void @llvm.mxc.sethwreg(i32 2177, i32 0), !noalias !191
  %534 = fptrunc float %l1.7 to half
  tail call void @llvm.mxc.sethwreg(i32 2177, i32 %533), !noalias !191
  %idx.ext505 = sext i32 %add498 to i64
  %add.ptr506 = getelementptr inbounds float, ptr addrspace(1) %partial_m.coerce, i64 %idx.ext505
  store half %532, ptr addrspace(1) %add.ptr506, align 4, !tbaa !16
  %add.ptr506.sroa_idx = getelementptr inbounds i8, ptr addrspace(1) %add.ptr506, i64 2
  store half %534, ptr addrspace(1) %add.ptr506.sroa_idx, align 2, !tbaa !16
  br label %if.end508

if.end508:                                        ; preds = %if.then500, %if.then490
  %mul509 = shl nsw i32 %add494, 7
  %idx.ext510 = sext i32 %mul509 to i64
  %add.ptr511 = getelementptr inbounds float, ptr addrspace(1) %partial_acc.coerce, i64 %idx.ext510
  %mul512 = shl nuw nsw i32 %0, 3
  %idx.ext513 = zext nneg i32 %mul512 to i64
  %add.ptr514 = getelementptr inbounds float, ptr addrspace(1) %add.ptr511, i64 %idx.ext513
  %mul515 = shl nsw i32 %add498, 7
  %idx.ext516 = sext i32 %mul515 to i64
  %add.ptr517 = getelementptr inbounds float, ptr addrspace(1) %partial_acc.coerce, i64 %idx.ext516
  %add.ptr520 = getelementptr inbounds float, ptr addrspace(1) %add.ptr517, i64 %idx.ext513
  %acc0.sroa.0.0.vec.extract2592 = extractelement <2 x float> %acc0.sroa.0.7, i64 0
  %acc0.sroa.0.4.vec.extract2611 = extractelement <2 x float> %acc0.sroa.0.7, i64 1
  %acc0.sroa.50.8.vec.extract2642 = extractelement <2 x float> %acc0.sroa.50.7, i64 0
  %acc0.sroa.50.12.vec.extract = extractelement <2 x float> %acc0.sroa.50.7, i64 1
  store float %acc0.sroa.0.0.vec.extract2592, ptr addrspace(1) %add.ptr514, align 16, !tbaa !73
  %ref.tmp521.sroa.4.0..sroa_idx = getelementptr inbounds i8, ptr addrspace(1) %add.ptr514, i64 4
  store float %acc0.sroa.0.4.vec.extract2611, ptr addrspace(1) %ref.tmp521.sroa.4.0..sroa_idx, align 4, !tbaa !73
  %ref.tmp521.sroa.5.0..sroa_idx = getelementptr inbounds i8, ptr addrspace(1) %add.ptr514, i64 8
  store float %acc0.sroa.50.8.vec.extract2642, ptr addrspace(1) %ref.tmp521.sroa.5.0..sroa_idx, align 8, !tbaa !73
  %ref.tmp521.sroa.6.0..sroa_idx = getelementptr inbounds i8, ptr addrspace(1) %add.ptr514, i64 12
  store float %acc0.sroa.50.12.vec.extract, ptr addrspace(1) %ref.tmp521.sroa.6.0..sroa_idx, align 4, !tbaa !73
  %acc0.sroa.97.16.vec.extract2704 = extractelement <2 x float> %acc0.sroa.97.7, i64 0
  %acc0.sroa.97.20.vec.extract = extractelement <2 x float> %acc0.sroa.97.7, i64 1
  %acc0.sroa.144.24.vec.extract2766 = extractelement <2 x float> %acc0.sroa.144.7, i64 0
  %acc0.sroa.144.28.vec.extract = extractelement <2 x float> %acc0.sroa.144.7, i64 1
  %add.ptr533 = getelementptr inbounds i8, ptr addrspace(1) %add.ptr514, i64 16
  store float %acc0.sroa.97.16.vec.extract2704, ptr addrspace(1) %add.ptr533, align 16, !tbaa !73
  %ref.tmp527.sroa.4.0.add.ptr533.sroa_idx = getelementptr inbounds i8, ptr addrspace(1) %add.ptr514, i64 20
  store float %acc0.sroa.97.20.vec.extract, ptr addrspace(1) %ref.tmp527.sroa.4.0.add.ptr533.sroa_idx, align 4, !tbaa !73
  %ref.tmp527.sroa.5.0.add.ptr533.sroa_idx = getelementptr inbounds i8, ptr addrspace(1) %add.ptr514, i64 24
  store float %acc0.sroa.144.24.vec.extract2766, ptr addrspace(1) %ref.tmp527.sroa.5.0.add.ptr533.sroa_idx, align 8, !tbaa !73
  %ref.tmp527.sroa.6.0.add.ptr533.sroa_idx = getelementptr inbounds i8, ptr addrspace(1) %add.ptr514, i64 28
  store float %acc0.sroa.144.28.vec.extract, ptr addrspace(1) %ref.tmp527.sroa.6.0.add.ptr533.sroa_idx, align 4, !tbaa !73
  %acc1.sroa.0.0.vec.extract2344 = extractelement <2 x float> %acc1.sroa.0.7, i64 0
  %acc1.sroa.0.4.vec.extract2363 = extractelement <2 x float> %acc1.sroa.0.7, i64 1
  %acc1.sroa.50.8.vec.extract2394 = extractelement <2 x float> %acc1.sroa.50.7, i64 0
  %acc1.sroa.50.12.vec.extract = extractelement <2 x float> %acc1.sroa.50.7, i64 1
  store float %acc1.sroa.0.0.vec.extract2344, ptr addrspace(1) %add.ptr520, align 16, !tbaa !73
  %ref.tmp534.sroa.4.0..sroa_idx = getelementptr inbounds i8, ptr addrspace(1) %add.ptr520, i64 4
  store float %acc1.sroa.0.4.vec.extract2363, ptr addrspace(1) %ref.tmp534.sroa.4.0..sroa_idx, align 4, !tbaa !73
  %ref.tmp534.sroa.5.0..sroa_idx = getelementptr inbounds i8, ptr addrspace(1) %add.ptr520, i64 8
  store float %acc1.sroa.50.8.vec.extract2394, ptr addrspace(1) %ref.tmp534.sroa.5.0..sroa_idx, align 8, !tbaa !73
  %ref.tmp534.sroa.6.0..sroa_idx = getelementptr inbounds i8, ptr addrspace(1) %add.ptr520, i64 12
  store float %acc1.sroa.50.12.vec.extract, ptr addrspace(1) %ref.tmp534.sroa.6.0..sroa_idx, align 4, !tbaa !73
  %acc1.sroa.97.16.vec.extract2456 = extractelement <2 x float> %acc1.sroa.97.7, i64 0
  %acc1.sroa.97.20.vec.extract = extractelement <2 x float> %acc1.sroa.97.7, i64 1
  %acc1.sroa.144.24.vec.extract2518 = extractelement <2 x float> %acc1.sroa.144.7, i64 0
  %acc1.sroa.144.28.vec.extract = extractelement <2 x float> %acc1.sroa.144.7, i64 1
  %add.ptr546 = getelementptr inbounds i8, ptr addrspace(1) %add.ptr520, i64 16
  store float %acc1.sroa.97.16.vec.extract2456, ptr addrspace(1) %add.ptr546, align 16, !tbaa !73
  %ref.tmp540.sroa.4.0.add.ptr546.sroa_idx = getelementptr inbounds i8, ptr addrspace(1) %add.ptr520, i64 20
  store float %acc1.sroa.97.20.vec.extract, ptr addrspace(1) %ref.tmp540.sroa.4.0.add.ptr546.sroa_idx, align 4, !tbaa !73
  %ref.tmp540.sroa.5.0.add.ptr546.sroa_idx = getelementptr inbounds i8, ptr addrspace(1) %add.ptr520, i64 24
  store float %acc1.sroa.144.24.vec.extract2518, ptr addrspace(1) %ref.tmp540.sroa.5.0.add.ptr546.sroa_idx, align 8, !tbaa !73
  %ref.tmp540.sroa.6.0.add.ptr546.sroa_idx = getelementptr inbounds i8, ptr addrspace(1) %add.ptr520, i64 28
  store float %acc1.sroa.144.28.vec.extract, ptr addrspace(1) %ref.tmp540.sroa.6.0.add.ptr546.sroa_idx, align 4, !tbaa !73
  br label %cleanup

cleanup:                                          ; preds = %if.end488, %if.end508, %land.end
  ret void
}
