define protected metaxgpu_kernel void @_Z42paged_decode_case13_kv8_headpair_z8_kernelILb1ELb1ELb0ELb1ELb1EEvPK15__maca_bfloat16S2_S2_PS0_PKiS5_PfS6_S6_iiiif(ptr addrspace(4) noalias nocapture noundef readonly %q.coerce, ptr addrspace(4) noalias nocapture noundef readonly %k_cache.coerce, ptr addrspace(4) noalias nocapture noundef readonly %v_cache.coerce, ptr addrspace(1) noalias nocapture noundef readnone %out.coerce, ptr addrspace(1) noalias nocapture noundef readonly %cache_seqlens.coerce, ptr addrspace(1) noalias nocapture noundef readonly %block_table.coerce, ptr addrspace(1) noalias nocapture noundef writeonly %partial_m.coerce, ptr addrspace(1) noalias nocapture noundef readnone %partial_l.coerce, ptr addrspace(1) noalias nocapture noundef writeonly %partial_acc.coerce, i32 noundef %batch_size, i32 noundef %pages_per_batch, i32 noundef %pages_per_split, i32 noundef %n_split, float noundef %sm_scale) local_unnamed_addr #11 comdat {
entry:
  %0 = tail call noundef range(i32 0, 1024) i32 @llvm.mxc.thread.id.x(), !range !26
  %1 = tail call noundef range(i32 0, 1024) i32 @llvm.mxc.thread.id.y(), !range !26
  %2 = tail call noundef range(i32 0, 1024) i32 @llvm.mxc.thread.id.z(), !range !26
  %3 = tail call noundef range(i32 0, 2147483647) i32 @llvm.mxc.block.id.x(), !range !15
  %shr = lshr i32 %3, 3
  %and = and i32 %3, 7
  %4 = tail call noundef range(i32 0, 2147483647) i32 @llvm.mxc.block.id.y(), !range !15
  %add = add nuw nsw i32 %1, 2
  %mul = shl nuw nsw i32 %and, 2
  %add15 = add nuw nsw i32 %mul, %1
  %add17 = add nuw nsw i32 %mul, %add
  %idxprom = zext nneg i32 %shr to i64
  %arrayidx = getelementptr inbounds i32, ptr addrspace(1) %cache_seqlens.coerce, i64 %idxprom
  %5 = load i32, ptr addrspace(1) %arrayidx, align 4, !tbaa !16
  %div = sdiv i32 %5, 16
  %mul18 = mul i32 %4, %pages_per_split
  %add19 = add nsw i32 %mul18, %pages_per_split
  %cond.i.i = tail call noundef i32 @llvm.smin.i32(i32 %add19, i32 %div)
  %and21 = and i32 %5, 15
  %cmp.not = icmp eq i32 %and21, 0
  br i1 %cmp.not, label %land.end, label %land.rhs

land.rhs:                                         ; preds = %entry
  %cmp22 = icmp sgt i32 %5, 15
  br i1 %cmp22, label %cond.true, label %cond.end

cond.true:                                        ; preds = %land.rhs
  %sub = add nsw i32 %div, -1
  %div23 = sdiv i32 %sub, %pages_per_split
  br label %cond.end

cond.end:                                         ; preds = %land.rhs, %cond.true
  %cond = phi i32 [ %div23, %cond.true ], [ 0, %land.rhs ]
  %cmp24 = icmp eq i32 %4, %cond
  br label %land.end

land.end:                                         ; preds = %cond.end, %entry
  %6 = phi i1 [ false, %entry ], [ %cmp24, %cond.end ]
  %cmp25.not = icmp slt i32 %mul18, %cond.i.i
  %brmerge = select i1 %cmp25.not, i1 true, i1 %6
  br i1 %brmerge, label %if.end, label %cleanup

if.end:                                           ; preds = %land.end
  %mul26 = shl nsw i32 %shr, 5
  %add27 = add nuw nsw i32 %add15, %mul26
  %mul28 = shl nsw i32 %add27, 7
  %idx.ext = zext nneg i32 %mul28 to i64
  %add.ptr = getelementptr inbounds %struct.__maca_bfloat16.1, ptr addrspace(4) %q.coerce, i64 %idx.ext
  %mul29 = shl nuw nsw i32 %0, 2
  %idx.ext30 = zext nneg i32 %mul29 to i64
  %add.ptr31 = getelementptr inbounds i32, ptr addrspace(4) %add.ptr, i64 %idx.ext30
  %add33 = add nuw nsw i32 %add17, %mul26
  %mul34 = shl nsw i32 %add33, 7
  %idx.ext35 = zext nneg i32 %mul34 to i64
  %add.ptr36 = getelementptr inbounds %struct.__maca_bfloat16.1, ptr addrspace(4) %q.coerce, i64 %idx.ext35
  %add.ptr39 = getelementptr inbounds i32, ptr addrspace(4) %add.ptr36, i64 %idx.ext30
  %qpack0.sroa.0.0.copyload = load i32, ptr addrspace(4) %add.ptr31, align 16, !tbaa !16
  %qpack0.sroa.5.0..sroa_idx = getelementptr inbounds i8, ptr addrspace(4) %add.ptr31, i64 4
  %qpack0.sroa.5.0.copyload = load i32, ptr addrspace(4) %qpack0.sroa.5.0..sroa_idx, align 4, !tbaa !16
  %qpack0.sroa.7.0..sroa_idx = getelementptr inbounds i8, ptr addrspace(4) %add.ptr31, i64 8
  %qpack0.sroa.7.0.copyload = load i32, ptr addrspace(4) %qpack0.sroa.7.0..sroa_idx, align 8, !tbaa !16
  %qpack0.sroa.9.0..sroa_idx = getelementptr inbounds i8, ptr addrspace(4) %add.ptr31, i64 12
  %qpack0.sroa.9.0.copyload = load i32, ptr addrspace(4) %qpack0.sroa.9.0..sroa_idx, align 4, !tbaa !16
  %qpack1.sroa.0.0.copyload = load i32, ptr addrspace(4) %add.ptr39, align 16, !tbaa !16
  %qpack1.sroa.5.0..sroa_idx = getelementptr inbounds i8, ptr addrspace(4) %add.ptr39, i64 4
  %qpack1.sroa.5.0.copyload = load i32, ptr addrspace(4) %qpack1.sroa.5.0..sroa_idx, align 4, !tbaa !16
  %qpack1.sroa.7.0..sroa_idx = getelementptr inbounds i8, ptr addrspace(4) %add.ptr39, i64 8
  %qpack1.sroa.7.0.copyload = load i32, ptr addrspace(4) %qpack1.sroa.7.0..sroa_idx, align 8, !tbaa !16
  %qpack1.sroa.9.0..sroa_idx = getelementptr inbounds i8, ptr addrspace(4) %add.ptr39, i64 12
  %qpack1.sroa.9.0.copyload = load i32, ptr addrspace(4) %qpack1.sroa.9.0..sroa_idx, align 4, !tbaa !16
  %conv.i863 = trunc i32 %qpack0.sroa.0.0.copyload to i16
  %7 = tail call contract noundef float @llvm.mxc.bf16.to.f32(i16 %conv.i863)
  %shr.i893 = lshr i32 %qpack0.sroa.0.0.copyload, 16
  %conv.i894 = trunc nuw i32 %shr.i893 to i16
  %8 = tail call contract noundef float @llvm.mxc.bf16.to.f32(i16 %conv.i894)
  %conv.i860 = trunc i32 %qpack0.sroa.5.0.copyload to i16
  %9 = tail call contract noundef float @llvm.mxc.bf16.to.f32(i16 %conv.i860)
  %shr.i889 = lshr i32 %qpack0.sroa.5.0.copyload, 16
  %conv.i890 = trunc nuw i32 %shr.i889 to i16
  %10 = tail call contract noundef float @llvm.mxc.bf16.to.f32(i16 %conv.i890)
  %conv.i857 = trunc i32 %qpack0.sroa.7.0.copyload to i16
  %11 = tail call contract noundef float @llvm.mxc.bf16.to.f32(i16 %conv.i857)
  %shr.i885 = lshr i32 %qpack0.sroa.7.0.copyload, 16
  %conv.i886 = trunc nuw i32 %shr.i885 to i16
  %12 = tail call contract noundef float @llvm.mxc.bf16.to.f32(i16 %conv.i886)
  %conv.i854 = trunc i32 %qpack0.sroa.9.0.copyload to i16
  %13 = tail call contract noundef float @llvm.mxc.bf16.to.f32(i16 %conv.i854)
  %shr.i881 = lshr i32 %qpack0.sroa.9.0.copyload, 16
  %conv.i882 = trunc nuw i32 %shr.i881 to i16
  %14 = tail call contract noundef float @llvm.mxc.bf16.to.f32(i16 %conv.i882)
  %conv.i851 = trunc i32 %qpack1.sroa.0.0.copyload to i16
  %15 = tail call contract noundef float @llvm.mxc.bf16.to.f32(i16 %conv.i851)
  %shr.i877 = lshr i32 %qpack1.sroa.0.0.copyload, 16
  %conv.i878 = trunc nuw i32 %shr.i877 to i16
  %16 = tail call contract noundef float @llvm.mxc.bf16.to.f32(i16 %conv.i878)
  %conv.i848 = trunc i32 %qpack1.sroa.5.0.copyload to i16
  %17 = tail call contract noundef float @llvm.mxc.bf16.to.f32(i16 %conv.i848)
  %shr.i873 = lshr i32 %qpack1.sroa.5.0.copyload, 16
  %conv.i874 = trunc nuw i32 %shr.i873 to i16
  %18 = tail call contract noundef float @llvm.mxc.bf16.to.f32(i16 %conv.i874)
  %conv.i845 = trunc i32 %qpack1.sroa.7.0.copyload to i16
  %19 = tail call contract noundef float @llvm.mxc.bf16.to.f32(i16 %conv.i845)
  %shr.i869 = lshr i32 %qpack1.sroa.7.0.copyload, 16
  %conv.i870 = trunc nuw i32 %shr.i869 to i16
  %20 = tail call contract noundef float @llvm.mxc.bf16.to.f32(i16 %conv.i870)
  %conv.i = trunc i32 %qpack1.sroa.9.0.copyload to i16
  %21 = tail call contract noundef float @llvm.mxc.bf16.to.f32(i16 %conv.i)
  %shr.i = lshr i32 %qpack1.sroa.9.0.copyload, 16
  %conv.i866 = trunc nuw i32 %shr.i to i16
  %22 = tail call contract noundef float @llvm.mxc.bf16.to.f32(i16 %conv.i866)
  %mul85 = fmul contract float %7, %sm_scale
  %mul88 = fmul contract float %15, %sm_scale
  %mul85.1 = fmul contract float %8, %sm_scale
  %mul88.1 = fmul contract float %16, %sm_scale
  %mul85.2 = fmul contract float %9, %sm_scale
  %mul88.2 = fmul contract float %17, %sm_scale
  %mul85.3 = fmul contract float %10, %sm_scale
  %mul88.3 = fmul contract float %18, %sm_scale
  %mul85.4 = fmul contract float %11, %sm_scale
  %mul88.4 = fmul contract float %19, %sm_scale
  %mul85.5 = fmul contract float %12, %sm_scale
  %mul88.5 = fmul contract float %20, %sm_scale
  %mul85.6 = fmul contract float %13, %sm_scale
  %mul88.6 = fmul contract float %21, %sm_scale
  %mul85.7 = fmul contract float %14, %sm_scale
  %mul88.7 = fmul contract float %22, %sm_scale
  %mul92 = mul nsw i32 %shr, %pages_per_batch
  %idx.ext93 = sext i32 %mul92 to i64
  %add.ptr94 = getelementptr inbounds i32, ptr addrspace(1) %block_table.coerce, i64 %idx.ext93
  br i1 %cmp25.not, label %if.then96, label %if.end255

if.then96:                                        ; preds = %if.end
  %idxprom97 = sext i32 %mul18 to i64
  %arrayidx98 = getelementptr inbounds i32, ptr addrspace(1) %add.ptr94, i64 %idxprom97
  %23 = load i32, ptr addrspace(1) %arrayidx98, align 4, !tbaa !16
  %mul.i1293 = shl nuw nsw i32 %2, 1
  %add.i1294 = add nuw nsw i32 %mul.i1293, %1
  %mul2.i1295 = shl nsw i32 %23, 7
  %mul3.i1296 = shl nuw nsw i32 %add.i1294, 3
  %add4.i1297 = add nsw i32 %mul2.i1295, %mul3.i1296
  %add5.i1298 = or disjoint i32 %add4.i1297, %and
  %mul6.i1299 = shl nsw i32 %add5.i1298, 7
  %idx.ext.i1300 = sext i32 %mul6.i1299 to i64
  %add.ptr.i1301 = getelementptr inbounds %struct.__maca_bfloat16.1, ptr addrspace(4) %k_cache.coerce, i64 %idx.ext.i1300
  %add.ptr9.i1304 = getelementptr inbounds i32, ptr addrspace(4) %add.ptr.i1301, i64 %idx.ext30
  %arrayidx12.i1306 = getelementptr inbounds [64 x i32], ptr addrspace(3) @_ZZ42paged_decode_case13_kv8_headpair_z8_kernelILb1ELb1ELb0ELb1ELb1EEvPK15__maca_bfloat16S2_S2_PS0_PKiS5_PfS6_S6_iiiifE9s_storage, i32 %add.i1294, i32 %mul29
  tail call void @llvm.memcpy.p3.p4.i64(ptr addrspace(3) noundef align 16 dereferenceable(16) %arrayidx12.i1306, ptr addrspace(4) noundef align 16 dereferenceable(16) %add.ptr9.i1304, i64 16, i1 false), !tbaa.struct !34, !call_argsrelate !64
  %add.ptr.i1290 = getelementptr inbounds %struct.__maca_bfloat16.1, ptr addrspace(4) %v_cache.coerce, i64 %idx.ext.i1300
  %add.ptr9.i1292 = getelementptr inbounds i32, ptr addrspace(4) %add.ptr.i1290, i64 %idx.ext30
  %arrayidx12.i = getelementptr inbounds [64 x i32], ptr addrspace(3) getelementptr inbounds (i8, ptr addrspace(3) @_ZZ42paged_decode_case13_kv8_headpair_z8_kernelILb1ELb1ELb0ELb1ELb1EEvPK15__maca_bfloat16S2_S2_PS0_PKiS5_PfS6_S6_iiiifE9s_storage, i32 4096), i32 %add.i1294, i32 %mul29
  tail call void @llvm.memcpy.p3.p4.i64(ptr addrspace(3) noundef align 16 dereferenceable(16) %arrayidx12.i, ptr addrspace(4) noundef align 16 dereferenceable(16) %add.ptr9.i1292, i64 16, i1 false), !tbaa.struct !34, !call_argsrelate !65
  %and.i1567 = and i32 %0, 2
  %tobool.not.i1568 = icmp eq i32 %and.i1567, 0
  %and120 = and i32 %0, 1
  %24 = shl nuw nsw i32 %2, 4
  %25 = shl nuw nsw i32 %1, 3
  %mul142 = add nuw nsw i32 %24, %25
  %add143 = or disjoint i32 %mul142, %and
  %mul148 = shl nuw nsw i32 %0, 1
  %idx.ext149 = zext nneg i32 %mul148 to i64
  %invariant.gep = getelementptr %struct.uint2.4, ptr addrspace(4) %k_cache.coerce, i64 %idx.ext149
  %invariant.gep2196 = getelementptr %struct.uint2.4, ptr addrspace(4) %v_cache.coerce, i64 %idx.ext149
  %arrayidx4.i = getelementptr inbounds [64 x i32], ptr addrspace(3) getelementptr inbounds (i8, ptr addrspace(3) @_ZZ42paged_decode_case13_kv8_headpair_z8_kernelILb1ELb1ELb0ELb1ELb1EEvPK15__maca_bfloat16S2_S2_PS0_PKiS5_PfS6_S6_iiiifE9s_storage, i32 4096), i32 %mul.i1293, i32 %mul29
  %vpack.i.sroa.5.0.arrayidx4.i.sroa_idx = getelementptr inbounds i8, ptr addrspace(3) %arrayidx4.i, i32 4
  %vpack.i.sroa.7.0.arrayidx4.i.sroa_idx = getelementptr inbounds i8, ptr addrspace(3) %arrayidx4.i, i32 8
  %vpack.i.sroa.9.0.arrayidx4.i.sroa_idx = getelementptr inbounds i8, ptr addrspace(3) %arrayidx4.i, i32 12
  %26 = getelementptr [64 x i32], ptr addrspace(3) getelementptr inbounds (i8, ptr addrspace(3) @_ZZ42paged_decode_case13_kv8_headpair_z8_kernelILb1ELb1ELb0ELb1ELb1EEvPK15__maca_bfloat16S2_S2_PS0_PKiS5_PfS6_S6_iiiifE9s_storage, i32 4096), i32 %mul.i1293
  %arrayidx14.i = getelementptr i8, ptr addrspace(3) %26, i32 256
  %arrayidx17.i = getelementptr inbounds [64 x i32], ptr addrspace(3) %arrayidx14.i, i32 0, i32 %mul29
  %vpack11.i.sroa.5.0.arrayidx17.i.sroa_idx = getelementptr inbounds i8, ptr addrspace(3) %arrayidx17.i, i32 4
  %vpack11.i.sroa.7.0.arrayidx17.i.sroa_idx = getelementptr inbounds i8, ptr addrspace(3) %arrayidx17.i, i32 8
  %vpack11.i.sroa.9.0.arrayidx17.i.sroa_idx = getelementptr inbounds i8, ptr addrspace(3) %arrayidx17.i, i32 12
  %arrayidx244 = getelementptr inbounds i8, ptr addrspace(3) %arrayidx12.i1306, i32 4
  %arrayidx245 = getelementptr inbounds i8, ptr addrspace(3) %arrayidx12.i1306, i32 8
  %arrayidx246 = getelementptr inbounds i8, ptr addrspace(3) %arrayidx12.i1306, i32 12
  %arrayidx248 = getelementptr inbounds i8, ptr addrspace(3) %arrayidx12.i, i32 4
  %arrayidx249 = getelementptr inbounds i8, ptr addrspace(3) %arrayidx12.i, i32 8
  %arrayidx250 = getelementptr inbounds i8, ptr addrspace(3) %arrayidx12.i, i32 12
  %27 = sext i32 %cond.i.i to i64
  %vecinit.i.i1452 = insertelement <2 x float> poison, float %mul85, i64 0
  %vecinit2.i.i1454 = insertelement <2 x float> %vecinit.i.i1452, float %mul85.1, i64 1
  %vecinit.i147.i1461 = insertelement <2 x float> poison, float %mul88, i64 0
  %vecinit2.i149.i1463 = insertelement <2 x float> %vecinit.i147.i1461, float %mul88.1, i64 1
  %vecinit.i156.i1482 = insertelement <2 x float> poison, float %mul85.2, i64 0
  %vecinit2.i158.i1484 = insertelement <2 x float> %vecinit.i156.i1482, float %mul85.3, i64 1
  %vecinit.i165.i1492 = insertelement <2 x float> poison, float %mul88.2, i64 0
  %vecinit2.i167.i1494 = insertelement <2 x float> %vecinit.i165.i1492, float %mul88.3, i64 1
  %vecinit.i174.i1513 = insertelement <2 x float> poison, float %mul85.4, i64 0
  %vecinit2.i176.i1515 = insertelement <2 x float> %vecinit.i174.i1513, float %mul85.5, i64 1
  %vecinit.i183.i1523 = insertelement <2 x float> poison, float %mul88.4, i64 0
  %vecinit2.i185.i1525 = insertelement <2 x float> %vecinit.i183.i1523, float %mul88.5, i64 1
  %vecinit.i192.i1544 = insertelement <2 x float> poison, float %mul85.6, i64 0
  %vecinit2.i194.i1546 = insertelement <2 x float> %vecinit.i192.i1544, float %mul85.7, i64 1
  %vecinit.i201.i1554 = insertelement <2 x float> poison, float %mul88.6, i64 0
  %vecinit2.i203.i1556 = insertelement <2 x float> %vecinit.i201.i1554, float %mul88.7, i64 1
  %arrayidx117 = getelementptr inbounds [64 x i32], ptr addrspace(3) @_ZZ42paged_decode_case13_kv8_headpair_z8_kernelILb1ELb1ELb0ELb1ELb1EEvPK15__maca_bfloat16S2_S2_PS0_PKiS5_PfS6_S6_iiiifE9s_storage, i32 %mul.i1293, i32 %mul29
  %kpack.sroa.5.0.arrayidx117.sroa_idx = getelementptr inbounds i8, ptr addrspace(3) %arrayidx117, i32 4
  %kpack.sroa.7.0.arrayidx117.sroa_idx = getelementptr inbounds i8, ptr addrspace(3) %arrayidx117, i32 8
  %kpack.sroa.9.0.arrayidx117.sroa_idx = getelementptr inbounds i8, ptr addrspace(3) %arrayidx117, i32 12
  %add112.1 = or disjoint i32 %mul.i1293, 1
  %arrayidx117.1 = getelementptr inbounds [64 x i32], ptr addrspace(3) @_ZZ42paged_decode_case13_kv8_headpair_z8_kernelILb1ELb1ELb0ELb1ELb1EEvPK15__maca_bfloat16S2_S2_PS0_PKiS5_PfS6_S6_iiiifE9s_storage, i32 %add112.1, i32 %mul29
  %kpack.sroa.5.0.arrayidx117.sroa_idx.1 = getelementptr inbounds i8, ptr addrspace(3) %arrayidx117.1, i32 4
  %kpack.sroa.7.0.arrayidx117.sroa_idx.1 = getelementptr inbounds i8, ptr addrspace(3) %arrayidx117.1, i32 8
  %kpack.sroa.9.0.arrayidx117.sroa_idx.1 = getelementptr inbounds i8, ptr addrspace(3) %arrayidx117.1, i32 12
  %cmp121.1.not = icmp eq i32 %and120, 0
  %28 = shl nuw nsw i32 %add143, 7
  br label %for.body102

for.body102:                                      ; preds = %if.then96, %if.end251
  %acc0.sroa.132.0 = phi <2 x float> [ zeroinitializer, %if.then96 ], [ %148, %if.end251 ]
  %acc0.sroa.89.0 = phi <2 x float> [ zeroinitializer, %if.then96 ], [ %144, %if.end251 ]
  %acc0.sroa.46.0 = phi <2 x float> [ zeroinitializer, %if.then96 ], [ %140, %if.end251 ]
  %acc0.sroa.0.0 = phi <2 x float> [ zeroinitializer, %if.then96 ], [ %136, %if.end251 ]
  %acc1.sroa.132.0 = phi <2 x float> [ zeroinitializer, %if.then96 ], [ %149, %if.end251 ]
  %acc1.sroa.89.0 = phi <2 x float> [ zeroinitializer, %if.then96 ], [ %145, %if.end251 ]
  %acc1.sroa.46.0 = phi <2 x float> [ zeroinitializer, %if.then96 ], [ %141, %if.end251 ]
  %acc1.sroa.0.0 = phi <2 x float> [ zeroinitializer, %if.then96 ], [ %137, %if.end251 ]
  %indvars.iv = phi i64 [ %idxprom97, %if.then96 ], [ %indvars.iv.next, %if.end251 ]
  %m0.02194 = phi float [ 0xFFF0000000000000, %if.then96 ], [ %cond177, %if.end251 ]
  %m1.02193 = phi float [ 0xFFF0000000000000, %if.then96 ], [ %cond182, %if.end251 ]
  %l0.02192 = phi float [ 0.000000e+00, %if.then96 ], [ %add9.i, %if.end251 ]
  %l1.02191 = phi float [ 0.000000e+00, %if.then96 ], [ %add10.i, %if.end251 ]
  fence syncscope("warp") release
  tail call void @llvm.mxc.barrier.warp()
  fence syncscope("warp") acquire
  %kpack.sroa.0.0.copyload = load i32, ptr addrspace(3) %arrayidx117, align 16, !tbaa !16
  %kpack.sroa.5.0.copyload = load i32, ptr addrspace(3) %kpack.sroa.5.0.arrayidx117.sroa_idx, align 4, !tbaa !16
  %kpack.sroa.7.0.copyload = load i32, ptr addrspace(3) %kpack.sroa.7.0.arrayidx117.sroa_idx, align 8, !tbaa !16
  %kpack.sroa.9.0.copyload = load i32, ptr addrspace(3) %kpack.sroa.9.0.arrayidx117.sroa_idx, align 4, !tbaa !16
  %conv.i101.i1442 = trunc i32 %kpack.sroa.0.0.copyload to i16
  %29 = tail call contract noundef float @llvm.mxc.bf16.to.f32(i16 %conv.i101.i1442)
  %shr.i115.i1447 = lshr i32 %kpack.sroa.0.0.copyload, 16
  %conv.i116.i1448 = trunc nuw i32 %shr.i115.i1447 to i16
  %30 = tail call contract noundef float @llvm.mxc.bf16.to.f32(i16 %conv.i116.i1448)
  %vecinit4.i.i1455 = insertelement <2 x float> poison, float %29, i64 0
  %vecinit6.i.i1457 = insertelement <2 x float> %vecinit4.i.i1455, float %30, i64 1
  %31 = tail call contract <2 x float> @llvm.mxc.pk.fma.f32(<2 x float> %vecinit2.i.i1454, <2 x float> %vecinit6.i.i1457, <2 x float> zeroinitializer)
  %32 = tail call contract <2 x float> @llvm.mxc.pk.fma.f32(<2 x float> %vecinit2.i149.i1463, <2 x float> %vecinit6.i.i1457, <2 x float> zeroinitializer)
  %conv.i98.i1471 = trunc i32 %kpack.sroa.5.0.copyload to i16
  %33 = tail call contract noundef float @llvm.mxc.bf16.to.f32(i16 %conv.i98.i1471)
  %shr.i111.i1476 = lshr i32 %kpack.sroa.5.0.copyload, 16
  %conv.i112.i1477 = trunc nuw i32 %shr.i111.i1476 to i16
  %34 = tail call contract noundef float @llvm.mxc.bf16.to.f32(i16 %conv.i112.i1477)
  %vecinit4.i159.i1485 = insertelement <2 x float> poison, float %33, i64 0
  %vecinit6.i161.i1487 = insertelement <2 x float> %vecinit4.i159.i1485, float %34, i64 1
  %35 = tail call contract <2 x float> @llvm.mxc.pk.fma.f32(<2 x float> %vecinit2.i158.i1484, <2 x float> %vecinit6.i161.i1487, <2 x float> %31)
  %36 = tail call contract <2 x float> @llvm.mxc.pk.fma.f32(<2 x float> %vecinit2.i167.i1494, <2 x float> %vecinit6.i161.i1487, <2 x float> %32)
  %conv.i95.i1502 = trunc i32 %kpack.sroa.7.0.copyload to i16
  %37 = tail call contract noundef float @llvm.mxc.bf16.to.f32(i16 %conv.i95.i1502)
  %shr.i107.i1507 = lshr i32 %kpack.sroa.7.0.copyload, 16
  %conv.i108.i1508 = trunc nuw i32 %shr.i107.i1507 to i16
  %38 = tail call contract noundef float @llvm.mxc.bf16.to.f32(i16 %conv.i108.i1508)
  %vecinit4.i177.i1516 = insertelement <2 x float> poison, float %37, i64 0
  %vecinit6.i179.i1518 = insertelement <2 x float> %vecinit4.i177.i1516, float %38, i64 1
  %39 = tail call contract <2 x float> @llvm.mxc.pk.fma.f32(<2 x float> %vecinit2.i176.i1515, <2 x float> %vecinit6.i179.i1518, <2 x float> %35)
  %40 = tail call contract <2 x float> @llvm.mxc.pk.fma.f32(<2 x float> %vecinit2.i185.i1525, <2 x float> %vecinit6.i179.i1518, <2 x float> %36)
  %conv.i.i1533 = trunc i32 %kpack.sroa.9.0.copyload to i16
  %41 = tail call contract noundef float @llvm.mxc.bf16.to.f32(i16 %conv.i.i1533)
  %shr.i.i1538 = lshr i32 %kpack.sroa.9.0.copyload, 16
  %conv.i104.i1539 = trunc nuw i32 %shr.i.i1538 to i16
  %42 = tail call contract noundef float @llvm.mxc.bf16.to.f32(i16 %conv.i104.i1539)
  %vecinit4.i195.i1547 = insertelement <2 x float> poison, float %41, i64 0
  %vecinit6.i197.i1549 = insertelement <2 x float> %vecinit4.i195.i1547, float %42, i64 1
  %43 = tail call contract <2 x float> @llvm.mxc.pk.fma.f32(<2 x float> %vecinit2.i194.i1546, <2 x float> %vecinit6.i197.i1549, <2 x float> %39)
  %44 = tail call contract <2 x float> @llvm.mxc.pk.fma.f32(<2 x float> %vecinit2.i203.i1556, <2 x float> %vecinit6.i197.i1549, <2 x float> %40)
  %shift = shufflevector <2 x float> %43, <2 x float> poison, <2 x i32> <i32 1, i32 poison>
  %45 = fadd contract <2 x float> %43, %shift
  %add.i1564 = extractelement <2 x float> %45, i64 0
  %shift2735 = shufflevector <2 x float> %44, <2 x float> poison, <2 x i32> <i32 1, i32 poison>
  %46 = fadd contract <2 x float> %44, %shift2735
  %add52.i1566 = extractelement <2 x float> %46, i64 0
  %cond.i1569 = select contract i1 %tobool.not.i1568, float %add52.i1566, float %add.i1564
  %47 = bitcast float %cond.i1569 to i32
  %48 = tail call i32 @llvm.mxc.mov.shfl.i32(i32 %47, i32 78, i32 15, i32 15, i1 false)
  %49 = bitcast i32 %48 to float
  %cond59.i1570 = select contract i1 %tobool.not.i1568, float %add.i1564, float %add52.i1566
  %add60.i1571 = fadd contract float %cond59.i1570, %49
  %50 = bitcast float %add60.i1571 to i32
  %51 = tail call i32 @llvm.mxc.mov.shfl.i32(i32 %50, i32 292, i32 15, i32 15, i1 false)
  %52 = bitcast i32 %51 to float
  %add62.i1572 = fadd contract float %add60.i1571, %52
  %53 = bitcast float %add62.i1572 to i32
  %54 = tail call i32 @llvm.mxc.mov.shfl.i32(i32 %53, i32 296, i32 15, i32 15, i1 false)
  %55 = bitcast i32 %54 to float
  %add64.i1573 = fadd contract float %add62.i1572, %55
  %56 = bitcast float %add64.i1573 to i32
  %57 = tail call i32 @llvm.mxc.mov.shfl.i32(i32 %56, i32 177, i32 15, i32 15, i1 false)
  %58 = bitcast i32 %57 to float
  %add66.i1574 = fadd contract float %add64.i1573, %58
  %59 = tail call contract noundef float @llvm.maxnum.f32(float %add66.i1574, float 0xFFF0000000000000)
  %kpack.sroa.0.0.copyload.1 = load i32, ptr addrspace(3) %arrayidx117.1, align 16, !tbaa !16
  %kpack.sroa.5.0.copyload.1 = load i32, ptr addrspace(3) %kpack.sroa.5.0.arrayidx117.sroa_idx.1, align 4, !tbaa !16
  %kpack.sroa.7.0.copyload.1 = load i32, ptr addrspace(3) %kpack.sroa.7.0.arrayidx117.sroa_idx.1, align 8, !tbaa !16
  %kpack.sroa.9.0.copyload.1 = load i32, ptr addrspace(3) %kpack.sroa.9.0.arrayidx117.sroa_idx.1, align 4, !tbaa !16
  %conv.i101.i1442.1 = trunc i32 %kpack.sroa.0.0.copyload.1 to i16
  %60 = tail call contract noundef float @llvm.mxc.bf16.to.f32(i16 %conv.i101.i1442.1)
  %shr.i115.i1447.1 = lshr i32 %kpack.sroa.0.0.copyload.1, 16
  %conv.i116.i1448.1 = trunc nuw i32 %shr.i115.i1447.1 to i16
  %61 = tail call contract noundef float @llvm.mxc.bf16.to.f32(i16 %conv.i116.i1448.1)
  %vecinit4.i.i1455.1 = insertelement <2 x float> poison, float %60, i64 0
  %vecinit6.i.i1457.1 = insertelement <2 x float> %vecinit4.i.i1455.1, float %61, i64 1
  %62 = tail call contract <2 x float> @llvm.mxc.pk.fma.f32(<2 x float> %vecinit2.i.i1454, <2 x float> %vecinit6.i.i1457.1, <2 x float> zeroinitializer)
  %63 = tail call contract <2 x float> @llvm.mxc.pk.fma.f32(<2 x float> %vecinit2.i149.i1463, <2 x float> %vecinit6.i.i1457.1, <2 x float> zeroinitializer)
  %conv.i98.i1471.1 = trunc i32 %kpack.sroa.5.0.copyload.1 to i16
  %64 = tail call contract noundef float @llvm.mxc.bf16.to.f32(i16 %conv.i98.i1471.1)
  %shr.i111.i1476.1 = lshr i32 %kpack.sroa.5.0.copyload.1, 16
  %conv.i112.i1477.1 = trunc nuw i32 %shr.i111.i1476.1 to i16
  %65 = tail call contract noundef float @llvm.mxc.bf16.to.f32(i16 %conv.i112.i1477.1)
  %vecinit4.i159.i1485.1 = insertelement <2 x float> poison, float %64, i64 0
  %vecinit6.i161.i1487.1 = insertelement <2 x float> %vecinit4.i159.i1485.1, float %65, i64 1
  %66 = tail call contract <2 x float> @llvm.mxc.pk.fma.f32(<2 x float> %vecinit2.i158.i1484, <2 x float> %vecinit6.i161.i1487.1, <2 x float> %62)
  %67 = tail call contract <2 x float> @llvm.mxc.pk.fma.f32(<2 x float> %vecinit2.i167.i1494, <2 x float> %vecinit6.i161.i1487.1, <2 x float> %63)
  %conv.i95.i1502.1 = trunc i32 %kpack.sroa.7.0.copyload.1 to i16
  %68 = tail call contract noundef float @llvm.mxc.bf16.to.f32(i16 %conv.i95.i1502.1)
  %shr.i107.i1507.1 = lshr i32 %kpack.sroa.7.0.copyload.1, 16
  %conv.i108.i1508.1 = trunc nuw i32 %shr.i107.i1507.1 to i16
  %69 = tail call contract noundef float @llvm.mxc.bf16.to.f32(i16 %conv.i108.i1508.1)
  %vecinit4.i177.i1516.1 = insertelement <2 x float> poison, float %68, i64 0
  %vecinit6.i179.i1518.1 = insertelement <2 x float> %vecinit4.i177.i1516.1, float %69, i64 1
  %70 = tail call contract <2 x float> @llvm.mxc.pk.fma.f32(<2 x float> %vecinit2.i176.i1515, <2 x float> %vecinit6.i179.i1518.1, <2 x float> %66)
  %71 = tail call contract <2 x float> @llvm.mxc.pk.fma.f32(<2 x float> %vecinit2.i185.i1525, <2 x float> %vecinit6.i179.i1518.1, <2 x float> %67)
  %conv.i.i1533.1 = trunc i32 %kpack.sroa.9.0.copyload.1 to i16
  %72 = tail call contract noundef float @llvm.mxc.bf16.to.f32(i16 %conv.i.i1533.1)
  %shr.i.i1538.1 = lshr i32 %kpack.sroa.9.0.copyload.1, 16
  %conv.i104.i1539.1 = trunc nuw i32 %shr.i.i1538.1 to i16
  %73 = tail call contract noundef float @llvm.mxc.bf16.to.f32(i16 %conv.i104.i1539.1)
  %vecinit4.i195.i1547.1 = insertelement <2 x float> poison, float %72, i64 0
  %vecinit6.i197.i1549.1 = insertelement <2 x float> %vecinit4.i195.i1547.1, float %73, i64 1
  %74 = tail call contract <2 x float> @llvm.mxc.pk.fma.f32(<2 x float> %vecinit2.i194.i1546, <2 x float> %vecinit6.i197.i1549.1, <2 x float> %70)
  %75 = tail call contract <2 x float> @llvm.mxc.pk.fma.f32(<2 x float> %vecinit2.i203.i1556, <2 x float> %vecinit6.i197.i1549.1, <2 x float> %71)
  %shift2736 = shufflevector <2 x float> %74, <2 x float> poison, <2 x i32> <i32 1, i32 poison>
  %76 = fadd contract <2 x float> %74, %shift2736
  %add.i1564.1 = extractelement <2 x float> %76, i64 0
  %shift2737 = shufflevector <2 x float> %75, <2 x float> poison, <2 x i32> <i32 1, i32 poison>
  %77 = fadd contract <2 x float> %75, %shift2737
  %add52.i1566.1 = extractelement <2 x float> %77, i64 0
  %cond.i1569.1 = select contract i1 %tobool.not.i1568, float %add52.i1566.1, float %add.i1564.1
  %78 = bitcast float %cond.i1569.1 to i32
  %79 = tail call i32 @llvm.mxc.mov.shfl.i32(i32 %78, i32 78, i32 15, i32 15, i1 false)
  %80 = bitcast i32 %79 to float
  %cond59.i1570.1 = select contract i1 %tobool.not.i1568, float %add.i1564.1, float %add52.i1566.1
  %add60.i1571.1 = fadd contract float %cond59.i1570.1, %80
  %81 = bitcast float %add60.i1571.1 to i32
  %82 = tail call i32 @llvm.mxc.mov.shfl.i32(i32 %81, i32 292, i32 15, i32 15, i1 false)
  %83 = bitcast i32 %82 to float
  %add62.i1572.1 = fadd contract float %add60.i1571.1, %83
  %84 = bitcast float %add62.i1572.1 to i32
  %85 = tail call i32 @llvm.mxc.mov.shfl.i32(i32 %84, i32 296, i32 15, i32 15, i1 false)
  %86 = bitcast i32 %85 to float
  %add64.i1573.1 = fadd contract float %add62.i1572.1, %86
  %87 = bitcast float %add64.i1573.1 to i32
  %88 = tail call i32 @llvm.mxc.mov.shfl.i32(i32 %87, i32 177, i32 15, i32 15, i1 false)
  %89 = bitcast i32 %88 to float
  %add66.i1574.1 = fadd contract float %add64.i1573.1, %89
  %spec.select.1 = select i1 %cmp121.1.not, float %add66.i1574, float %add66.i1574.1
  %90 = tail call contract noundef float @llvm.maxnum.f32(float %59, float %add66.i1574.1)
  %91 = bitcast float %90 to i32
  %92 = tail call i32 @llvm.mxc.mov.shfl.i32(i32 %91, i32 336, i32 15, i32 15, i1 false)
  %93 = bitcast i32 %92 to float
  %94 = tail call i32 @llvm.mxc.mov.shfl.i32(i32 %91, i32 338, i32 15, i32 15, i1 false)
  %95 = bitcast i32 %94 to float
  %indvars.iv.next = add nsw i64 %indvars.iv, 1
  %cmp131 = icmp slt i64 %indvars.iv.next, %27
  br i1 %cmp131, label %if.then134, label %if.end168

if.then134:                                       ; preds = %for.body102
  %arrayidx137 = getelementptr inbounds i32, ptr addrspace(1) %add.ptr94, i64 %indvars.iv.next
  %96 = load i32, ptr addrspace(1) %arrayidx137, align 4, !tbaa !16
  %97 = shl i32 %96, 14
  %mul145 = add i32 %97, %28
  %idx.ext146 = sext i32 %mul145 to i64
  %gep = getelementptr %struct.__maca_bfloat16.1, ptr addrspace(4) %invariant.gep, i64 %idx.ext146
  %gep2197 = getelementptr %struct.__maca_bfloat16.1, ptr addrspace(4) %invariant.gep2196, i64 %idx.ext146
  %next_k01.sroa.0.0.copyload = load i32, ptr addrspace(4) %gep, align 8, !tbaa !16
  %next_k01.sroa.4.0.arrayidx156.sroa_idx = getelementptr inbounds i8, ptr addrspace(4) %gep, i64 4
  %next_k01.sroa.4.0.copyload = load i32, ptr addrspace(4) %next_k01.sroa.4.0.arrayidx156.sroa_idx, align 4, !tbaa !16
  %arrayidx157 = getelementptr inbounds i8, ptr addrspace(4) %gep, i64 8
  %next_k23.sroa.0.0.copyload = load i32, ptr addrspace(4) %arrayidx157, align 8, !tbaa !16
  %next_k23.sroa.4.0.arrayidx157.sroa_idx = getelementptr inbounds i8, ptr addrspace(4) %gep, i64 12
  %next_k23.sroa.4.0.copyload = load i32, ptr addrspace(4) %next_k23.sroa.4.0.arrayidx157.sroa_idx, align 4, !tbaa !16
  %next_v01.sroa.0.0.copyload = load i32, ptr addrspace(4) %gep2197, align 8, !tbaa !16
  %next_v01.sroa.4.0.arrayidx158.sroa_idx = getelementptr inbounds i8, ptr addrspace(4) %gep2197, i64 4
  %next_v01.sroa.4.0.copyload = load i32, ptr addrspace(4) %next_v01.sroa.4.0.arrayidx158.sroa_idx, align 4, !tbaa !16
  %arrayidx159 = getelementptr inbounds i8, ptr addrspace(4) %gep2197, i64 8
  %next_v23.sroa.0.0.copyload = load i32, ptr addrspace(4) %arrayidx159, align 8, !tbaa !16
  %next_v23.sroa.4.0.arrayidx159.sroa_idx = getelementptr inbounds i8, ptr addrspace(4) %gep2197, i64 12
  %next_v23.sroa.4.0.copyload = load i32, ptr addrspace(4) %next_v23.sroa.4.0.arrayidx159.sroa_idx, align 4, !tbaa !16
  br label %if.end168

if.end168:                                        ; preds = %if.then134, %for.body102
  %next_v3.0 = phi i32 [ %next_v23.sroa.4.0.copyload, %if.then134 ], [ 0, %for.body102 ]
  %next_v2.0 = phi i32 [ %next_v23.sroa.0.0.copyload, %if.then134 ], [ 0, %for.body102 ]
  %next_v1.0 = phi i32 [ %next_v01.sroa.4.0.copyload, %if.then134 ], [ 0, %for.body102 ]
  %next_v0.0 = phi i32 [ %next_v01.sroa.0.0.copyload, %if.then134 ], [ 0, %for.body102 ]
  %next_k3.0 = phi i32 [ %next_k23.sroa.4.0.copyload, %if.then134 ], [ 0, %for.body102 ]
  %next_k2.0 = phi i32 [ %next_k23.sroa.0.0.copyload, %if.then134 ], [ 0, %for.body102 ]
  %next_k1.0 = phi i32 [ %next_k01.sroa.4.0.copyload, %if.then134 ], [ 0, %for.body102 ]
  %next_k0.0 = phi i32 [ %next_k01.sroa.0.0.copyload, %if.then134 ], [ 0, %for.body102 ]
  %cmp169 = fcmp contract olt float %m0.02194, %93
  %cmp171 = fcmp contract olt float %m1.02193, %95
  %cond177 = select contract i1 %cmp169, float %93, float %m0.02194
  %cond182 = select contract i1 %cmp171, float %95, float %m1.02193
  %cmp185 = fcmp contract ogt float %l0.02192, 0.000000e+00
  %or.cond = select i1 %cmp169, i1 %cmp185, i1 false
  br i1 %or.cond, label %if.then186, label %if.end203

if.then186:                                       ; preds = %if.end168
  %sub187 = fsub contract float %m0.02194, %cond177
  %98 = tail call contract float @llvm.exp2.f32(float %sub187)
  %mul188 = fmul contract float %l0.02192, %98
  %vecinit3.i1085 = insertelement <2 x float> poison, float %98, i64 0
  %vecinit4.i1086 = shufflevector <2 x float> %vecinit3.i1085, <2 x float> poison, <2 x i32> zeroinitializer
  %99 = tail call contract <2 x float> @llvm.mxc.pk.fma.f32(<2 x float> %acc0.sroa.0.0, <2 x float> %vecinit4.i1086, <2 x float> zeroinitializer)
  %100 = tail call contract <2 x float> @llvm.mxc.pk.fma.f32(<2 x float> %acc0.sroa.46.0, <2 x float> %vecinit4.i1086, <2 x float> zeroinitializer)
  %101 = tail call contract <2 x float> @llvm.mxc.pk.fma.f32(<2 x float> %acc0.sroa.89.0, <2 x float> %vecinit4.i1086, <2 x float> zeroinitializer)
  %102 = tail call contract <2 x float> @llvm.mxc.pk.fma.f32(<2 x float> %acc0.sroa.132.0, <2 x float> %vecinit4.i1086, <2 x float> zeroinitializer)
  br label %if.end203

if.end203:                                        ; preds = %if.then186, %if.end168
  %acc0.sroa.132.1 = phi <2 x float> [ %102, %if.then186 ], [ %acc0.sroa.132.0, %if.end168 ]
  %acc0.sroa.89.1 = phi <2 x float> [ %101, %if.then186 ], [ %acc0.sroa.89.0, %if.end168 ]
  %acc0.sroa.46.1 = phi <2 x float> [ %100, %if.then186 ], [ %acc0.sroa.46.0, %if.end168 ]
  %acc0.sroa.0.1 = phi <2 x float> [ %99, %if.then186 ], [ %acc0.sroa.0.0, %if.end168 ]
  %l0.1 = phi float [ %mul188, %if.then186 ], [ %l0.02192, %if.end168 ]
  %cmp206 = fcmp contract ogt float %l1.02191, 0.000000e+00
  %or.cond589 = select i1 %cmp171, i1 %cmp206, i1 false
  br i1 %or.cond589, label %if.then207, label %if.end224

if.then207:                                       ; preds = %if.end203
  %sub208 = fsub contract float %m1.02193, %cond182
  %103 = tail call contract float @llvm.exp2.f32(float %sub208)
  %mul209 = fmul contract float %l1.02191, %103
  %vecinit3.i1105 = insertelement <2 x float> poison, float %103, i64 0
  %vecinit4.i1106 = shufflevector <2 x float> %vecinit3.i1105, <2 x float> poison, <2 x i32> zeroinitializer
  %104 = tail call contract <2 x float> @llvm.mxc.pk.fma.f32(<2 x float> %acc1.sroa.0.0, <2 x float> %vecinit4.i1106, <2 x float> zeroinitializer)
  %105 = tail call contract <2 x float> @llvm.mxc.pk.fma.f32(<2 x float> %acc1.sroa.46.0, <2 x float> %vecinit4.i1106, <2 x float> zeroinitializer)
  %106 = tail call contract <2 x float> @llvm.mxc.pk.fma.f32(<2 x float> %acc1.sroa.89.0, <2 x float> %vecinit4.i1106, <2 x float> zeroinitializer)
  %107 = tail call contract <2 x float> @llvm.mxc.pk.fma.f32(<2 x float> %acc1.sroa.132.0, <2 x float> %vecinit4.i1106, <2 x float> zeroinitializer)
  br label %if.end224

if.end224:                                        ; preds = %if.then207, %if.end203
  %acc1.sroa.132.1 = phi <2 x float> [ %107, %if.then207 ], [ %acc1.sroa.132.0, %if.end203 ]
  %acc1.sroa.89.1 = phi <2 x float> [ %106, %if.then207 ], [ %acc1.sroa.89.0, %if.end203 ]
  %acc1.sroa.46.1 = phi <2 x float> [ %105, %if.then207 ], [ %acc1.sroa.46.0, %if.end203 ]
  %acc1.sroa.0.1 = phi <2 x float> [ %104, %if.then207 ], [ %acc1.sroa.0.0, %if.end203 ]
  %l1.1 = phi float [ %mul209, %if.then207 ], [ %l1.02191, %if.end203 ]
  %cond.i1577 = select contract i1 %tobool.not.i1568, float %cond177, float %cond182
  %sub.i1578 = fsub contract float %spec.select.1, %cond.i1577
  %108 = tail call contract float @llvm.exp2.f32(float %sub.i1578)
  %109 = bitcast float %108 to i32
  %110 = tail call i32 @llvm.mxc.mov.shfl.i32(i32 %109, i32 336, i32 15, i32 15, i1 false)
  %111 = bitcast i32 %110 to float
  %112 = tail call i32 @llvm.mxc.mov.shfl.i32(i32 %109, i32 338, i32 15, i32 15, i1 false)
  %113 = bitcast i32 %112 to float
  %add.i1579 = fadd contract float %l0.1, %111
  %add2.i = fadd contract float %l1.1, %113
  %vpack.i.sroa.0.0.copyload = load i32, ptr addrspace(3) %arrayidx4.i, align 16, !tbaa !16
  %vpack.i.sroa.5.0.copyload = load i32, ptr addrspace(3) %vpack.i.sroa.5.0.arrayidx4.i.sroa_idx, align 4, !tbaa !16
  %vpack.i.sroa.7.0.copyload = load i32, ptr addrspace(3) %vpack.i.sroa.7.0.arrayidx4.i.sroa_idx, align 8, !tbaa !16
  %vpack.i.sroa.9.0.copyload = load i32, ptr addrspace(3) %vpack.i.sroa.9.0.arrayidx4.i.sroa_idx, align 4, !tbaa !16
  %conv.i55.i57.i = trunc i32 %vpack.i.sroa.0.0.copyload to i16
  %114 = tail call contract noundef float @llvm.mxc.bf16.to.f32(i16 %conv.i55.i57.i)
  %shr.i69.i62.i = lshr i32 %vpack.i.sroa.0.0.copyload, 16
  %conv.i70.i63.i = trunc nuw i32 %shr.i69.i62.i to i16
  %115 = tail call contract noundef float @llvm.mxc.bf16.to.f32(i16 %conv.i70.i63.i)
  %vecinit.i156.i1582 = insertelement <2 x float> poison, float %114, i64 0
  %vecinit2.i158.i1584 = insertelement <2 x float> %vecinit.i156.i1582, float %115, i64 1
  %vecinit3.i159.i = insertelement <2 x float> poison, float %111, i64 0
  %vecinit4.i160.i = shufflevector <2 x float> %vecinit3.i159.i, <2 x float> poison, <2 x i32> zeroinitializer
  %116 = tail call contract <2 x float> @llvm.mxc.pk.fma.f32(<2 x float> %vecinit2.i158.i1584, <2 x float> %vecinit4.i160.i, <2 x float> %acc0.sroa.0.1)
  %vecinit3.i151.i = insertelement <2 x float> poison, float %113, i64 0
  %vecinit4.i152.i = shufflevector <2 x float> %vecinit3.i151.i, <2 x float> poison, <2 x i32> zeroinitializer
  %117 = tail call contract <2 x float> @llvm.mxc.pk.fma.f32(<2 x float> %vecinit2.i158.i1584, <2 x float> %vecinit4.i152.i, <2 x float> %acc1.sroa.0.1)
  %conv.i52.i68.i = trunc i32 %vpack.i.sroa.5.0.copyload to i16
  %118 = tail call contract noundef float @llvm.mxc.bf16.to.f32(i16 %conv.i52.i68.i)
  %shr.i65.i73.i = lshr i32 %vpack.i.sroa.5.0.copyload, 16
  %conv.i66.i74.i = trunc nuw i32 %shr.i65.i73.i to i16
  %119 = tail call contract noundef float @llvm.mxc.bf16.to.f32(i16 %conv.i66.i74.i)
  %vecinit.i140.i = insertelement <2 x float> poison, float %118, i64 0
  %vecinit2.i142.i = insertelement <2 x float> %vecinit.i140.i, float %119, i64 1
  %120 = tail call contract <2 x float> @llvm.mxc.pk.fma.f32(<2 x float> %vecinit2.i142.i, <2 x float> %vecinit4.i160.i, <2 x float> %acc0.sroa.46.1)
  %121 = tail call contract <2 x float> @llvm.mxc.pk.fma.f32(<2 x float> %vecinit2.i142.i, <2 x float> %vecinit4.i152.i, <2 x float> %acc1.sroa.46.1)
  %conv.i49.i81.i = trunc i32 %vpack.i.sroa.7.0.copyload to i16
  %122 = tail call contract noundef float @llvm.mxc.bf16.to.f32(i16 %conv.i49.i81.i)
  %shr.i61.i86.i = lshr i32 %vpack.i.sroa.7.0.copyload, 16
  %conv.i62.i87.i = trunc nuw i32 %shr.i61.i86.i to i16
  %123 = tail call contract noundef float @llvm.mxc.bf16.to.f32(i16 %conv.i62.i87.i)
  %vecinit.i124.i = insertelement <2 x float> poison, float %122, i64 0
  %vecinit2.i126.i = insertelement <2 x float> %vecinit.i124.i, float %123, i64 1
  %124 = tail call contract <2 x float> @llvm.mxc.pk.fma.f32(<2 x float> %vecinit2.i126.i, <2 x float> %vecinit4.i160.i, <2 x float> %acc0.sroa.89.1)
  %125 = tail call contract <2 x float> @llvm.mxc.pk.fma.f32(<2 x float> %vecinit2.i126.i, <2 x float> %vecinit4.i152.i, <2 x float> %acc1.sroa.89.1)
  %conv.i.i94.i = trunc i32 %vpack.i.sroa.9.0.copyload to i16
  %126 = tail call contract noundef float @llvm.mxc.bf16.to.f32(i16 %conv.i.i94.i)
  %shr.i.i99.i = lshr i32 %vpack.i.sroa.9.0.copyload, 16
  %conv.i58.i100.i = trunc nuw i32 %shr.i.i99.i to i16
  %127 = tail call contract noundef float @llvm.mxc.bf16.to.f32(i16 %conv.i58.i100.i)
  %vecinit.i108.i = insertelement <2 x float> poison, float %126, i64 0
  %vecinit2.i110.i = insertelement <2 x float> %vecinit.i108.i, float %127, i64 1
  %128 = tail call contract <2 x float> @llvm.mxc.pk.fma.f32(<2 x float> %vecinit2.i110.i, <2 x float> %vecinit4.i160.i, <2 x float> %acc0.sroa.132.1)
  %129 = tail call contract <2 x float> @llvm.mxc.pk.fma.f32(<2 x float> %vecinit2.i110.i, <2 x float> %vecinit4.i152.i, <2 x float> %acc1.sroa.132.1)
  %130 = tail call i32 @llvm.mxc.mov.shfl.i32(i32 %109, i32 337, i32 15, i32 15, i1 false)
  %131 = bitcast i32 %130 to float
  %132 = tail call i32 @llvm.mxc.mov.shfl.i32(i32 %109, i32 339, i32 15, i32 15, i1 false)
  %133 = bitcast i32 %132 to float
  %add9.i = fadd contract float %add.i1579, %131
  %add10.i = fadd contract float %add2.i, %133
  %vpack11.i.sroa.0.0.copyload = load i32, ptr addrspace(3) %arrayidx17.i, align 16, !tbaa !16
  %vpack11.i.sroa.5.0.copyload = load i32, ptr addrspace(3) %vpack11.i.sroa.5.0.arrayidx17.i.sroa_idx, align 4, !tbaa !16
  %vpack11.i.sroa.7.0.copyload = load i32, ptr addrspace(3) %vpack11.i.sroa.7.0.arrayidx17.i.sroa_idx, align 8, !tbaa !16
  %vpack11.i.sroa.9.0.copyload = load i32, ptr addrspace(3) %vpack11.i.sroa.9.0.arrayidx17.i.sroa_idx, align 4, !tbaa !16
  %conv.i55.i.i = trunc i32 %vpack11.i.sroa.0.0.copyload to i16
  %134 = tail call contract noundef float @llvm.mxc.bf16.to.f32(i16 %conv.i55.i.i)
  %shr.i69.i.i = lshr i32 %vpack11.i.sroa.0.0.copyload, 16
  %conv.i70.i.i = trunc nuw i32 %shr.i69.i.i to i16
  %135 = tail call contract noundef float @llvm.mxc.bf16.to.f32(i16 %conv.i70.i.i)
  %vecinit.i220.i = insertelement <2 x float> poison, float %134, i64 0
  %vecinit2.i222.i = insertelement <2 x float> %vecinit.i220.i, float %135, i64 1
  %vecinit3.i223.i = insertelement <2 x float> poison, float %131, i64 0
  %vecinit4.i224.i = shufflevector <2 x float> %vecinit3.i223.i, <2 x float> poison, <2 x i32> zeroinitializer
  %136 = tail call contract <2 x float> @llvm.mxc.pk.fma.f32(<2 x float> %vecinit2.i222.i, <2 x float> %vecinit4.i224.i, <2 x float> %116)
  %vecinit3.i215.i = insertelement <2 x float> poison, float %133, i64 0
  %vecinit4.i216.i = shufflevector <2 x float> %vecinit3.i215.i, <2 x float> poison, <2 x i32> zeroinitializer
  %137 = tail call contract <2 x float> @llvm.mxc.pk.fma.f32(<2 x float> %vecinit2.i222.i, <2 x float> %vecinit4.i216.i, <2 x float> %117)
  %conv.i52.i.i = trunc i32 %vpack11.i.sroa.5.0.copyload to i16
  %138 = tail call contract noundef float @llvm.mxc.bf16.to.f32(i16 %conv.i52.i.i)
  %shr.i65.i.i = lshr i32 %vpack11.i.sroa.5.0.copyload, 16
  %conv.i66.i.i = trunc nuw i32 %shr.i65.i.i to i16
  %139 = tail call contract noundef float @llvm.mxc.bf16.to.f32(i16 %conv.i66.i.i)
  %vecinit.i204.i = insertelement <2 x float> poison, float %138, i64 0
  %vecinit2.i206.i = insertelement <2 x float> %vecinit.i204.i, float %139, i64 1
  %140 = tail call contract <2 x float> @llvm.mxc.pk.fma.f32(<2 x float> %vecinit2.i206.i, <2 x float> %vecinit4.i224.i, <2 x float> %120)
  %141 = tail call contract <2 x float> @llvm.mxc.pk.fma.f32(<2 x float> %vecinit2.i206.i, <2 x float> %vecinit4.i216.i, <2 x float> %121)
  %conv.i49.i.i = trunc i32 %vpack11.i.sroa.7.0.copyload to i16
  %142 = tail call contract noundef float @llvm.mxc.bf16.to.f32(i16 %conv.i49.i.i)
  %shr.i61.i.i = lshr i32 %vpack11.i.sroa.7.0.copyload, 16
  %conv.i62.i.i = trunc nuw i32 %shr.i61.i.i to i16
  %143 = tail call contract noundef float @llvm.mxc.bf16.to.f32(i16 %conv.i62.i.i)
  %vecinit.i188.i = insertelement <2 x float> poison, float %142, i64 0
  %vecinit2.i190.i = insertelement <2 x float> %vecinit.i188.i, float %143, i64 1
  %144 = tail call contract <2 x float> @llvm.mxc.pk.fma.f32(<2 x float> %vecinit2.i190.i, <2 x float> %vecinit4.i224.i, <2 x float> %124)
  %145 = tail call contract <2 x float> @llvm.mxc.pk.fma.f32(<2 x float> %vecinit2.i190.i, <2 x float> %vecinit4.i216.i, <2 x float> %125)
  %conv.i.i.i = trunc i32 %vpack11.i.sroa.9.0.copyload to i16
  %146 = tail call contract noundef float @llvm.mxc.bf16.to.f32(i16 %conv.i.i.i)
  %shr.i.i.i = lshr i32 %vpack11.i.sroa.9.0.copyload, 16
  %conv.i58.i.i = trunc nuw i32 %shr.i.i.i to i16
  %147 = tail call contract noundef float @llvm.mxc.bf16.to.f32(i16 %conv.i58.i.i)
  %vecinit.i172.i = insertelement <2 x float> poison, float %146, i64 0
  %vecinit2.i174.i = insertelement <2 x float> %vecinit.i172.i, float %147, i64 1
  %148 = tail call contract <2 x float> @llvm.mxc.pk.fma.f32(<2 x float> %vecinit2.i174.i, <2 x float> %vecinit4.i224.i, <2 x float> %128)
  %149 = tail call contract <2 x float> @llvm.mxc.pk.fma.f32(<2 x float> %vecinit2.i174.i, <2 x float> %vecinit4.i216.i, <2 x float> %129)
  br i1 %cmp131, label %if.then229, label %if.else

if.then229:                                       ; preds = %if.end224
  fence syncscope("warp") release
  tail call void @llvm.mxc.barrier.warp()
  fence syncscope("warp") acquire
  store i32 %next_k0.0, ptr addrspace(3) %arrayidx12.i1306, align 16, !tbaa !16
  store i32 %next_k1.0, ptr addrspace(3) %arrayidx244, align 4, !tbaa !16
  store i32 %next_k2.0, ptr addrspace(3) %arrayidx245, align 8, !tbaa !16
  store i32 %next_k3.0, ptr addrspace(3) %arrayidx246, align 4, !tbaa !16
  store i32 %next_v0.0, ptr addrspace(3) %arrayidx12.i, align 16, !tbaa !16
  store i32 %next_v1.0, ptr addrspace(3) %arrayidx248, align 4, !tbaa !16
  store i32 %next_v2.0, ptr addrspace(3) %arrayidx249, align 8, !tbaa !16
  store i32 %next_v3.0, ptr addrspace(3) %arrayidx250, align 4, !tbaa !16
  br label %if.end251

if.else:                                          ; preds = %if.end224
  fence syncscope("block") release
  tail call void @llvm.mxc.barrier()
  fence syncscope("block") acquire
  br label %if.end251

if.end251:                                        ; preds = %if.else, %if.then229
  %exitcond.not = icmp eq i64 %indvars.iv.next, %27
  br i1 %exitcond.not, label %if.end255, label %for.body102, !llvm.loop !201

if.end255:                                        ; preds = %if.end251, %if.end
  %acc0.sroa.132.2 = phi <2 x float> [ zeroinitializer, %if.end ], [ %148, %if.end251 ]
  %acc0.sroa.89.2 = phi <2 x float> [ zeroinitializer, %if.end ], [ %144, %if.end251 ]
  %acc0.sroa.46.2 = phi <2 x float> [ zeroinitializer, %if.end ], [ %140, %if.end251 ]
  %acc0.sroa.0.2 = phi <2 x float> [ zeroinitializer, %if.end ], [ %136, %if.end251 ]
  %acc1.sroa.132.2 = phi <2 x float> [ zeroinitializer, %if.end ], [ %149, %if.end251 ]
  %acc1.sroa.89.2 = phi <2 x float> [ zeroinitializer, %if.end ], [ %145, %if.end251 ]
  %acc1.sroa.46.2 = phi <2 x float> [ zeroinitializer, %if.end ], [ %141, %if.end251 ]
  %acc1.sroa.0.2 = phi <2 x float> [ zeroinitializer, %if.end ], [ %137, %if.end251 ]
  %l1.2 = phi float [ 0.000000e+00, %if.end ], [ %add10.i, %if.end251 ]
  %l0.2 = phi float [ 0.000000e+00, %if.end ], [ %add9.i, %if.end251 ]
  %m1.1 = phi float [ 0xFFF0000000000000, %if.end ], [ %cond182, %if.end251 ]
  %m0.1 = phi float [ 0xFFF0000000000000, %if.end ], [ %cond177, %if.end251 ]
  br i1 %6, label %if.then257, label %if.end371

if.then257:                                       ; preds = %if.end255
  %mul.i1321 = shl nuw nsw i32 %2, 1
  %add.i1322 = add nuw nsw i32 %mul.i1321, %1
  %cmp.not.i1323 = icmp ult i32 %add.i1322, %and21
  br i1 %cmp.not.i1323, label %if.end.i1324, label %_Z29issue_exp664_case13_tail_pagePK15__maca_bfloat16PA64_jiiiiii.exit

if.end.i1324:                                     ; preds = %if.then257
  %idxprom259 = sext i32 %div to i64
  %arrayidx260 = getelementptr inbounds i32, ptr addrspace(1) %add.ptr94, i64 %idxprom259
  %150 = load i32, ptr addrspace(1) %arrayidx260, align 4, !tbaa !16
  %mul2.i1325 = shl nsw i32 %150, 7
  %mul3.i1326 = shl nuw nsw i32 %add.i1322, 3
  %add4.i1327 = add nsw i32 %mul2.i1325, %mul3.i1326
  %add5.i1328 = or disjoint i32 %add4.i1327, %and
  %mul6.i1329 = shl nsw i32 %add5.i1328, 7
  %idx.ext.i1330 = sext i32 %mul6.i1329 to i64
  %add.ptr.i1331 = getelementptr inbounds %struct.__maca_bfloat16.1, ptr addrspace(4) %k_cache.coerce, i64 %idx.ext.i1330
  %add.ptr9.i1334 = getelementptr inbounds i32, ptr addrspace(4) %add.ptr.i1331, i64 %idx.ext30
  %arrayidx12.i1336 = getelementptr inbounds [64 x i32], ptr addrspace(3) @_ZZ42paged_decode_case13_kv8_headpair_z8_kernelILb1ELb1ELb0ELb1ELb1EEvPK15__maca_bfloat16S2_S2_PS0_PKiS5_PfS6_S6_iiiifE9s_storage, i32 %add.i1322, i32 %mul29
  tail call void @llvm.memcpy.p3.p4.i64(ptr addrspace(3) noundef align 16 dereferenceable(16) %arrayidx12.i1336, ptr addrspace(4) noundef align 16 dereferenceable(16) %add.ptr9.i1334, i64 16, i1 false), !tbaa.struct !34, !call_argsrelate !64
  %add.ptr.i1315 = getelementptr inbounds %struct.__maca_bfloat16.1, ptr addrspace(4) %v_cache.coerce, i64 %idx.ext.i1330
  %add.ptr9.i1318 = getelementptr inbounds i32, ptr addrspace(4) %add.ptr.i1315, i64 %idx.ext30
  %arrayidx12.i1320 = getelementptr inbounds [64 x i32], ptr addrspace(3) getelementptr inbounds (i8, ptr addrspace(3) @_ZZ42paged_decode_case13_kv8_headpair_z8_kernelILb1ELb1ELb0ELb1ELb1EEvPK15__maca_bfloat16S2_S2_PS0_PKiS5_PfS6_S6_iiiifE9s_storage, i32 4096), i32 %add.i1322, i32 %mul29
  tail call void @llvm.memcpy.p3.p4.i64(ptr addrspace(3) noundef align 16 dereferenceable(16) %arrayidx12.i1320, ptr addrspace(4) noundef align 16 dereferenceable(16) %add.ptr9.i1318, i64 16, i1 false), !tbaa.struct !34, !call_argsrelate !65
  br label %_Z29issue_exp664_case13_tail_pagePK15__maca_bfloat16PA64_jiiiiii.exit

_Z29issue_exp664_case13_tail_pagePK15__maca_bfloat16PA64_jiiiiii.exit: ; preds = %if.then257, %if.end.i1324
  fence syncscope("warp") release
  tail call void @llvm.mxc.barrier.warp()
  fence syncscope("warp") acquire
  %vecinit.i.i = insertelement <2 x float> poison, float %mul85, i64 0
  %vecinit2.i.i = insertelement <2 x float> %vecinit.i.i, float %mul85.1, i64 1
  %vecinit.i147.i = insertelement <2 x float> poison, float %mul88, i64 0
  %vecinit2.i149.i = insertelement <2 x float> %vecinit.i147.i, float %mul88.1, i64 1
  %vecinit.i156.i = insertelement <2 x float> poison, float %mul85.2, i64 0
  %vecinit2.i158.i = insertelement <2 x float> %vecinit.i156.i, float %mul85.3, i64 1
  %vecinit.i165.i = insertelement <2 x float> poison, float %mul88.2, i64 0
  %vecinit2.i167.i = insertelement <2 x float> %vecinit.i165.i, float %mul88.3, i64 1
  %vecinit.i174.i = insertelement <2 x float> poison, float %mul85.4, i64 0
  %vecinit2.i176.i = insertelement <2 x float> %vecinit.i174.i, float %mul85.5, i64 1
  %vecinit.i183.i = insertelement <2 x float> poison, float %mul88.4, i64 0
  %vecinit2.i185.i = insertelement <2 x float> %vecinit.i183.i, float %mul88.5, i64 1
  %vecinit.i192.i = insertelement <2 x float> poison, float %mul85.6, i64 0
  %vecinit2.i194.i = insertelement <2 x float> %vecinit.i192.i, float %mul85.7, i64 1
  %vecinit.i201.i = insertelement <2 x float> poison, float %mul88.6, i64 0
  %vecinit2.i203.i = insertelement <2 x float> %vecinit.i201.i, float %mul88.7, i64 1
  %and.i = and i32 %0, 2
  %tobool.not.i = icmp eq i32 %and.i, 0
  %and288 = and i32 %0, 1
  %cmp276 = icmp ult i32 %mul.i1321, %and21
  br i1 %cmp276, label %if.then277, label %if.end293

if.then277:                                       ; preds = %_Z29issue_exp664_case13_tail_pagePK15__maca_bfloat16PA64_jiiiiii.exit
  %arrayidx283 = getelementptr inbounds [64 x i32], ptr addrspace(3) @_ZZ42paged_decode_case13_kv8_headpair_z8_kernelILb1ELb1ELb0ELb1ELb1EEvPK15__maca_bfloat16S2_S2_PS0_PKiS5_PfS6_S6_iiiifE9s_storage, i32 %mul.i1321, i32 %mul29
  %kpack278.sroa.0.0.copyload = load i32, ptr addrspace(3) %arrayidx283, align 16, !tbaa !16
  %kpack278.sroa.5.0.arrayidx283.sroa_idx = getelementptr inbounds i8, ptr addrspace(3) %arrayidx283, i32 4
  %kpack278.sroa.5.0.copyload = load i32, ptr addrspace(3) %kpack278.sroa.5.0.arrayidx283.sroa_idx, align 4, !tbaa !16
  %kpack278.sroa.7.0.arrayidx283.sroa_idx = getelementptr inbounds i8, ptr addrspace(3) %arrayidx283, i32 8
  %kpack278.sroa.7.0.copyload = load i32, ptr addrspace(3) %kpack278.sroa.7.0.arrayidx283.sroa_idx, align 8, !tbaa !16
  %kpack278.sroa.9.0.arrayidx283.sroa_idx = getelementptr inbounds i8, ptr addrspace(3) %arrayidx283, i32 12
  %kpack278.sroa.9.0.copyload = load i32, ptr addrspace(3) %kpack278.sroa.9.0.arrayidx283.sroa_idx, align 4, !tbaa !16
  %conv.i101.i = trunc i32 %kpack278.sroa.0.0.copyload to i16
  %151 = tail call contract noundef float @llvm.mxc.bf16.to.f32(i16 %conv.i101.i)
  %shr.i115.i = lshr i32 %kpack278.sroa.0.0.copyload, 16
  %conv.i116.i = trunc nuw i32 %shr.i115.i to i16
  %152 = tail call contract noundef float @llvm.mxc.bf16.to.f32(i16 %conv.i116.i)
  %vecinit4.i.i = insertelement <2 x float> poison, float %151, i64 0
  %vecinit6.i.i = insertelement <2 x float> %vecinit4.i.i, float %152, i64 1
  %153 = tail call contract <2 x float> @llvm.mxc.pk.fma.f32(<2 x float> %vecinit2.i.i, <2 x float> %vecinit6.i.i, <2 x float> zeroinitializer)
  %154 = tail call contract <2 x float> @llvm.mxc.pk.fma.f32(<2 x float> %vecinit2.i149.i, <2 x float> %vecinit6.i.i, <2 x float> zeroinitializer)
  %conv.i98.i = trunc i32 %kpack278.sroa.5.0.copyload to i16
  %155 = tail call contract noundef float @llvm.mxc.bf16.to.f32(i16 %conv.i98.i)
  %shr.i111.i = lshr i32 %kpack278.sroa.5.0.copyload, 16
  %conv.i112.i = trunc nuw i32 %shr.i111.i to i16
  %156 = tail call contract noundef float @llvm.mxc.bf16.to.f32(i16 %conv.i112.i)
  %vecinit4.i159.i = insertelement <2 x float> poison, float %155, i64 0
  %vecinit6.i161.i = insertelement <2 x float> %vecinit4.i159.i, float %156, i64 1
  %157 = tail call contract <2 x float> @llvm.mxc.pk.fma.f32(<2 x float> %vecinit2.i158.i, <2 x float> %vecinit6.i161.i, <2 x float> %153)
  %158 = tail call contract <2 x float> @llvm.mxc.pk.fma.f32(<2 x float> %vecinit2.i167.i, <2 x float> %vecinit6.i161.i, <2 x float> %154)
  %conv.i95.i = trunc i32 %kpack278.sroa.7.0.copyload to i16
  %159 = tail call contract noundef float @llvm.mxc.bf16.to.f32(i16 %conv.i95.i)
  %shr.i107.i = lshr i32 %kpack278.sroa.7.0.copyload, 16
  %conv.i108.i = trunc nuw i32 %shr.i107.i to i16
  %160 = tail call contract noundef float @llvm.mxc.bf16.to.f32(i16 %conv.i108.i)
  %vecinit4.i177.i = insertelement <2 x float> poison, float %159, i64 0
  %vecinit6.i179.i = insertelement <2 x float> %vecinit4.i177.i, float %160, i64 1
  %161 = tail call contract <2 x float> @llvm.mxc.pk.fma.f32(<2 x float> %vecinit2.i176.i, <2 x float> %vecinit6.i179.i, <2 x float> %157)
  %162 = tail call contract <2 x float> @llvm.mxc.pk.fma.f32(<2 x float> %vecinit2.i185.i, <2 x float> %vecinit6.i179.i, <2 x float> %158)
  %conv.i.i = trunc i32 %kpack278.sroa.9.0.copyload to i16
  %163 = tail call contract noundef float @llvm.mxc.bf16.to.f32(i16 %conv.i.i)
  %shr.i.i = lshr i32 %kpack278.sroa.9.0.copyload, 16
  %conv.i104.i = trunc nuw i32 %shr.i.i to i16
  %164 = tail call contract noundef float @llvm.mxc.bf16.to.f32(i16 %conv.i104.i)
  %vecinit4.i195.i = insertelement <2 x float> poison, float %163, i64 0
  %vecinit6.i197.i = insertelement <2 x float> %vecinit4.i195.i, float %164, i64 1
  %165 = tail call contract <2 x float> @llvm.mxc.pk.fma.f32(<2 x float> %vecinit2.i194.i, <2 x float> %vecinit6.i197.i, <2 x float> %161)
  %166 = tail call contract <2 x float> @llvm.mxc.pk.fma.f32(<2 x float> %vecinit2.i203.i, <2 x float> %vecinit6.i197.i, <2 x float> %162)
  %shift2738 = shufflevector <2 x float> %165, <2 x float> poison, <2 x i32> <i32 1, i32 poison>
  %167 = fadd contract <2 x float> %165, %shift2738
  %add.i1412 = extractelement <2 x float> %167, i64 0
  %shift2739 = shufflevector <2 x float> %166, <2 x float> poison, <2 x i32> <i32 1, i32 poison>
  %168 = fadd contract <2 x float> %166, %shift2739
  %add52.i = extractelement <2 x float> %168, i64 0
  %cond.i1413 = select contract i1 %tobool.not.i, float %add52.i, float %add.i1412
  %169 = bitcast float %cond.i1413 to i32
  %170 = tail call i32 @llvm.mxc.mov.shfl.i32(i32 %169, i32 78, i32 15, i32 15, i1 false)
  %171 = bitcast i32 %170 to float
  %cond59.i = select contract i1 %tobool.not.i, float %add.i1412, float %add52.i
  %add60.i = fadd contract float %cond59.i, %171
  %172 = bitcast float %add60.i to i32
  %173 = tail call i32 @llvm.mxc.mov.shfl.i32(i32 %172, i32 292, i32 15, i32 15, i1 false)
  %174 = bitcast i32 %173 to float
  %add62.i = fadd contract float %add60.i, %174
  %175 = bitcast float %add62.i to i32
  %176 = tail call i32 @llvm.mxc.mov.shfl.i32(i32 %175, i32 296, i32 15, i32 15, i1 false)
  %177 = bitcast i32 %176 to float
  %add64.i = fadd contract float %add62.i, %177
  %178 = bitcast float %add64.i to i32
  %179 = tail call i32 @llvm.mxc.mov.shfl.i32(i32 %178, i32 177, i32 15, i32 15, i1 false)
  %180 = bitcast i32 %179 to float
  %add66.i = fadd contract float %add64.i, %180
  %cmp289 = icmp eq i32 %and288, 0
  %spec.select844 = select i1 %cmp289, float %add66.i, float 0xFFF0000000000000
  %181 = tail call contract noundef float @llvm.maxnum.f32(float %add66.i, float 0xFFF0000000000000)
  br label %if.end293

if.end293:                                        ; preds = %if.then277, %_Z29issue_exp664_case13_tail_pagePK15__maca_bfloat16PA64_jiiiiii.exit
  %owned_page_max265.1 = phi float [ %181, %if.then277 ], [ 0xFFF0000000000000, %_Z29issue_exp664_case13_tail_pagePK15__maca_bfloat16PA64_jiiiiii.exit ]
  %owned_score262.2 = phi float [ %spec.select844, %if.then277 ], [ 0xFFF0000000000000, %_Z29issue_exp664_case13_tail_pagePK15__maca_bfloat16PA64_jiiiiii.exit ]
  %add275.1 = or disjoint i32 %mul.i1321, 1
  %cmp276.1 = icmp ult i32 %add275.1, %and21
  br i1 %cmp276.1, label %if.then277.1, label %if.end293.1

if.then277.1:                                     ; preds = %if.end293
  %arrayidx283.1 = getelementptr inbounds [64 x i32], ptr addrspace(3) @_ZZ42paged_decode_case13_kv8_headpair_z8_kernelILb1ELb1ELb0ELb1ELb1EEvPK15__maca_bfloat16S2_S2_PS0_PKiS5_PfS6_S6_iiiifE9s_storage, i32 %add275.1, i32 %mul29
  %kpack278.sroa.0.0.copyload.1 = load i32, ptr addrspace(3) %arrayidx283.1, align 16, !tbaa !16
  %kpack278.sroa.5.0.arrayidx283.sroa_idx.1 = getelementptr inbounds i8, ptr addrspace(3) %arrayidx283.1, i32 4
  %kpack278.sroa.5.0.copyload.1 = load i32, ptr addrspace(3) %kpack278.sroa.5.0.arrayidx283.sroa_idx.1, align 4, !tbaa !16
  %kpack278.sroa.7.0.arrayidx283.sroa_idx.1 = getelementptr inbounds i8, ptr addrspace(3) %arrayidx283.1, i32 8
  %kpack278.sroa.7.0.copyload.1 = load i32, ptr addrspace(3) %kpack278.sroa.7.0.arrayidx283.sroa_idx.1, align 8, !tbaa !16
  %kpack278.sroa.9.0.arrayidx283.sroa_idx.1 = getelementptr inbounds i8, ptr addrspace(3) %arrayidx283.1, i32 12
  %kpack278.sroa.9.0.copyload.1 = load i32, ptr addrspace(3) %kpack278.sroa.9.0.arrayidx283.sroa_idx.1, align 4, !tbaa !16
  %conv.i101.i.1 = trunc i32 %kpack278.sroa.0.0.copyload.1 to i16
  %182 = tail call contract noundef float @llvm.mxc.bf16.to.f32(i16 %conv.i101.i.1)
  %shr.i115.i.1 = lshr i32 %kpack278.sroa.0.0.copyload.1, 16
  %conv.i116.i.1 = trunc nuw i32 %shr.i115.i.1 to i16
  %183 = tail call contract noundef float @llvm.mxc.bf16.to.f32(i16 %conv.i116.i.1)
  %vecinit4.i.i.1 = insertelement <2 x float> poison, float %182, i64 0
  %vecinit6.i.i.1 = insertelement <2 x float> %vecinit4.i.i.1, float %183, i64 1
  %184 = tail call contract <2 x float> @llvm.mxc.pk.fma.f32(<2 x float> %vecinit2.i.i, <2 x float> %vecinit6.i.i.1, <2 x float> zeroinitializer)
  %185 = tail call contract <2 x float> @llvm.mxc.pk.fma.f32(<2 x float> %vecinit2.i149.i, <2 x float> %vecinit6.i.i.1, <2 x float> zeroinitializer)
  %conv.i98.i.1 = trunc i32 %kpack278.sroa.5.0.copyload.1 to i16
  %186 = tail call contract noundef float @llvm.mxc.bf16.to.f32(i16 %conv.i98.i.1)
  %shr.i111.i.1 = lshr i32 %kpack278.sroa.5.0.copyload.1, 16
  %conv.i112.i.1 = trunc nuw i32 %shr.i111.i.1 to i16
  %187 = tail call contract noundef float @llvm.mxc.bf16.to.f32(i16 %conv.i112.i.1)
  %vecinit4.i159.i.1 = insertelement <2 x float> poison, float %186, i64 0
  %vecinit6.i161.i.1 = insertelement <2 x float> %vecinit4.i159.i.1, float %187, i64 1
  %188 = tail call contract <2 x float> @llvm.mxc.pk.fma.f32(<2 x float> %vecinit2.i158.i, <2 x float> %vecinit6.i161.i.1, <2 x float> %184)
  %189 = tail call contract <2 x float> @llvm.mxc.pk.fma.f32(<2 x float> %vecinit2.i167.i, <2 x float> %vecinit6.i161.i.1, <2 x float> %185)
  %conv.i95.i.1 = trunc i32 %kpack278.sroa.7.0.copyload.1 to i16
  %190 = tail call contract noundef float @llvm.mxc.bf16.to.f32(i16 %conv.i95.i.1)
  %shr.i107.i.1 = lshr i32 %kpack278.sroa.7.0.copyload.1, 16
  %conv.i108.i.1 = trunc nuw i32 %shr.i107.i.1 to i16
  %191 = tail call contract noundef float @llvm.mxc.bf16.to.f32(i16 %conv.i108.i.1)
  %vecinit4.i177.i.1 = insertelement <2 x float> poison, float %190, i64 0
  %vecinit6.i179.i.1 = insertelement <2 x float> %vecinit4.i177.i.1, float %191, i64 1
  %192 = tail call contract <2 x float> @llvm.mxc.pk.fma.f32(<2 x float> %vecinit2.i176.i, <2 x float> %vecinit6.i179.i.1, <2 x float> %188)
  %193 = tail call contract <2 x float> @llvm.mxc.pk.fma.f32(<2 x float> %vecinit2.i185.i, <2 x float> %vecinit6.i179.i.1, <2 x float> %189)
  %conv.i.i.1 = trunc i32 %kpack278.sroa.9.0.copyload.1 to i16
  %194 = tail call contract noundef float @llvm.mxc.bf16.to.f32(i16 %conv.i.i.1)
  %shr.i.i.1 = lshr i32 %kpack278.sroa.9.0.copyload.1, 16
  %conv.i104.i.1 = trunc nuw i32 %shr.i.i.1 to i16
  %195 = tail call contract noundef float @llvm.mxc.bf16.to.f32(i16 %conv.i104.i.1)
  %vecinit4.i195.i.1 = insertelement <2 x float> poison, float %194, i64 0
  %vecinit6.i197.i.1 = insertelement <2 x float> %vecinit4.i195.i.1, float %195, i64 1
  %196 = tail call contract <2 x float> @llvm.mxc.pk.fma.f32(<2 x float> %vecinit2.i194.i, <2 x float> %vecinit6.i197.i.1, <2 x float> %192)
  %197 = tail call contract <2 x float> @llvm.mxc.pk.fma.f32(<2 x float> %vecinit2.i203.i, <2 x float> %vecinit6.i197.i.1, <2 x float> %193)
  %shift2740 = shufflevector <2 x float> %196, <2 x float> poison, <2 x i32> <i32 1, i32 poison>
  %198 = fadd contract <2 x float> %196, %shift2740
  %add.i1412.1 = extractelement <2 x float> %198, i64 0
  %shift2741 = shufflevector <2 x float> %197, <2 x float> poison, <2 x i32> <i32 1, i32 poison>
  %199 = fadd contract <2 x float> %197, %shift2741
  %add52.i.1 = extractelement <2 x float> %199, i64 0
  %cond.i1413.1 = select contract i1 %tobool.not.i, float %add52.i.1, float %add.i1412.1
  %200 = bitcast float %cond.i1413.1 to i32
  %201 = tail call i32 @llvm.mxc.mov.shfl.i32(i32 %200, i32 78, i32 15, i32 15, i1 false)
  %202 = bitcast i32 %201 to float
  %cond59.i.1 = select contract i1 %tobool.not.i, float %add.i1412.1, float %add52.i.1
  %add60.i.1 = fadd contract float %cond59.i.1, %202
  %203 = bitcast float %add60.i.1 to i32
  %204 = tail call i32 @llvm.mxc.mov.shfl.i32(i32 %203, i32 292, i32 15, i32 15, i1 false)
  %205 = bitcast i32 %204 to float
  %add62.i.1 = fadd contract float %add60.i.1, %205
  %206 = bitcast float %add62.i.1 to i32
  %207 = tail call i32 @llvm.mxc.mov.shfl.i32(i32 %206, i32 296, i32 15, i32 15, i1 false)
  %208 = bitcast i32 %207 to float
  %add64.i.1 = fadd contract float %add62.i.1, %208
  %209 = bitcast float %add64.i.1 to i32
  %210 = tail call i32 @llvm.mxc.mov.shfl.i32(i32 %209, i32 177, i32 15, i32 15, i1 false)
  %211 = bitcast i32 %210 to float
  %add66.i.1 = fadd contract float %add64.i.1, %211
  %cmp289.1.not = icmp eq i32 %and288, 0
  %spec.select844.1 = select i1 %cmp289.1.not, float %owned_score262.2, float %add66.i.1
  %212 = tail call contract noundef float @llvm.maxnum.f32(float %owned_page_max265.1, float %add66.i.1)
  br label %if.end293.1

if.end293.1:                                      ; preds = %if.then277.1, %if.end293
  %owned_page_max265.1.1 = phi float [ %212, %if.then277.1 ], [ %owned_page_max265.1, %if.end293 ]
  %owned_score262.2.1 = phi float [ %spec.select844.1, %if.then277.1 ], [ %owned_score262.2, %if.end293 ]
  %213 = bitcast float %owned_page_max265.1.1 to i32
  %214 = tail call i32 @llvm.mxc.mov.shfl.i32(i32 %213, i32 336, i32 15, i32 15, i1 false)
  %215 = bitcast i32 %214 to float
  %216 = tail call i32 @llvm.mxc.mov.shfl.i32(i32 %213, i32 338, i32 15, i32 15, i1 false)
  %cmp303 = fcmp contract une float %215, 0xFFF0000000000000
  br i1 %cmp303, label %if.then304, label %if.end370

if.then304:                                       ; preds = %if.end293.1
  %217 = bitcast i32 %216 to float
  %cmp306 = fcmp contract olt float %m0.1, %215
  %cmp309 = fcmp contract olt float %m1.1, %217
  %cond316 = select contract i1 %cmp306, float %215, float %m0.1
  %cond322 = select contract i1 %cmp309, float %217, float %m1.1
  %cmp325 = fcmp contract ogt float %l0.2, 0.000000e+00
  %or.cond590 = select i1 %cmp306, i1 %cmp325, i1 false
  br i1 %or.cond590, label %if.then326, label %if.end344

if.then326:                                       ; preds = %if.then304
  %sub328 = fsub contract float %m0.1, %cond316
  %218 = tail call contract float @llvm.exp2.f32(float %sub328)
  %mul329 = fmul contract float %l0.2, %218
  %vecinit3.i1125 = insertelement <2 x float> poison, float %218, i64 0
  %vecinit4.i1126 = shufflevector <2 x float> %vecinit3.i1125, <2 x float> poison, <2 x i32> zeroinitializer
  %219 = tail call contract <2 x float> @llvm.mxc.pk.fma.f32(<2 x float> %acc0.sroa.0.2, <2 x float> %vecinit4.i1126, <2 x float> zeroinitializer)
  %220 = tail call contract <2 x float> @llvm.mxc.pk.fma.f32(<2 x float> %acc0.sroa.46.2, <2 x float> %vecinit4.i1126, <2 x float> zeroinitializer)
  %221 = tail call contract <2 x float> @llvm.mxc.pk.fma.f32(<2 x float> %acc0.sroa.89.2, <2 x float> %vecinit4.i1126, <2 x float> zeroinitializer)
  %222 = tail call contract <2 x float> @llvm.mxc.pk.fma.f32(<2 x float> %acc0.sroa.132.2, <2 x float> %vecinit4.i1126, <2 x float> zeroinitializer)
  br label %if.end344

if.end344:                                        ; preds = %if.then326, %if.then304
  %acc0.sroa.132.3 = phi <2 x float> [ %222, %if.then326 ], [ %acc0.sroa.132.2, %if.then304 ]
  %acc0.sroa.89.3 = phi <2 x float> [ %221, %if.then326 ], [ %acc0.sroa.89.2, %if.then304 ]
  %acc0.sroa.46.3 = phi <2 x float> [ %220, %if.then326 ], [ %acc0.sroa.46.2, %if.then304 ]
  %acc0.sroa.0.3 = phi <2 x float> [ %219, %if.then326 ], [ %acc0.sroa.0.2, %if.then304 ]
  %l0.3 = phi float [ %mul329, %if.then326 ], [ %l0.2, %if.then304 ]
  %cmp347 = fcmp contract ogt float %l1.2, 0.000000e+00
  %or.cond591 = select i1 %cmp309, i1 %cmp347, i1 false
  br i1 %or.cond591, label %if.then348, label %if.end366

if.then348:                                       ; preds = %if.end344
  %sub350 = fsub contract float %m1.1, %cond322
  %223 = tail call contract float @llvm.exp2.f32(float %sub350)
  %mul351 = fmul contract float %l1.2, %223
  %vecinit3.i1145 = insertelement <2 x float> poison, float %223, i64 0
  %vecinit4.i1146 = shufflevector <2 x float> %vecinit3.i1145, <2 x float> poison, <2 x i32> zeroinitializer
  %224 = tail call contract <2 x float> @llvm.mxc.pk.fma.f32(<2 x float> %acc1.sroa.0.2, <2 x float> %vecinit4.i1146, <2 x float> zeroinitializer)
  %225 = tail call contract <2 x float> @llvm.mxc.pk.fma.f32(<2 x float> %acc1.sroa.46.2, <2 x float> %vecinit4.i1146, <2 x float> zeroinitializer)
  %226 = tail call contract <2 x float> @llvm.mxc.pk.fma.f32(<2 x float> %acc1.sroa.89.2, <2 x float> %vecinit4.i1146, <2 x float> zeroinitializer)
  %227 = tail call contract <2 x float> @llvm.mxc.pk.fma.f32(<2 x float> %acc1.sroa.132.2, <2 x float> %vecinit4.i1146, <2 x float> zeroinitializer)
  br label %if.end366

if.end366:                                        ; preds = %if.then348, %if.end344
  %acc1.sroa.132.3 = phi <2 x float> [ %227, %if.then348 ], [ %acc1.sroa.132.2, %if.end344 ]
  %acc1.sroa.89.3 = phi <2 x float> [ %226, %if.then348 ], [ %acc1.sroa.89.2, %if.end344 ]
  %acc1.sroa.46.3 = phi <2 x float> [ %225, %if.then348 ], [ %acc1.sroa.46.2, %if.end344 ]
  %acc1.sroa.0.3 = phi <2 x float> [ %224, %if.then348 ], [ %acc1.sroa.0.2, %if.end344 ]
  %l1.3 = phi float [ %mul351, %if.then348 ], [ %l1.2, %if.end344 ]
  br i1 %cmp276, label %if.then.i1678, label %if.end.i1616

if.then.i1678:                                    ; preds = %if.end366
  %cond.i1682 = select contract i1 %tobool.not.i, float %cond316, float %cond322
  %sub.i1683 = fsub contract float %owned_score262.2.1, %cond.i1682
  %228 = tail call contract float @llvm.exp2.f32(float %sub.i1683)
  %229 = bitcast float %228 to i32
  %230 = tail call i32 @llvm.mxc.mov.shfl.i32(i32 %229, i32 336, i32 15, i32 15, i1 false)
  %231 = bitcast i32 %230 to float
  %232 = tail call i32 @llvm.mxc.mov.shfl.i32(i32 %229, i32 338, i32 15, i32 15, i1 false)
  %233 = bitcast i32 %232 to float
  %add.i1684 = fadd contract float %l0.3, %231
  %add2.i1685 = fadd contract float %l1.3, %233
  %arrayidx4.i1689 = getelementptr inbounds [64 x i32], ptr addrspace(3) getelementptr inbounds (i8, ptr addrspace(3) @_ZZ42paged_decode_case13_kv8_headpair_z8_kernelILb1ELb1ELb0ELb1ELb1EEvPK15__maca_bfloat16S2_S2_PS0_PKiS5_PfS6_S6_iiiifE9s_storage, i32 4096), i32 %mul.i1321, i32 %mul29
  %vpack.i1614.sroa.0.0.copyload = load i32, ptr addrspace(3) %arrayidx4.i1689, align 16, !tbaa !16
  %vpack.i1614.sroa.5.0.arrayidx4.i1689.sroa_idx = getelementptr inbounds i8, ptr addrspace(3) %arrayidx4.i1689, i32 4
  %vpack.i1614.sroa.5.0.copyload = load i32, ptr addrspace(3) %vpack.i1614.sroa.5.0.arrayidx4.i1689.sroa_idx, align 4, !tbaa !16
  %vpack.i1614.sroa.7.0.arrayidx4.i1689.sroa_idx = getelementptr inbounds i8, ptr addrspace(3) %arrayidx4.i1689, i32 8
  %vpack.i1614.sroa.7.0.copyload = load i32, ptr addrspace(3) %vpack.i1614.sroa.7.0.arrayidx4.i1689.sroa_idx, align 8, !tbaa !16
  %vpack.i1614.sroa.9.0.arrayidx4.i1689.sroa_idx = getelementptr inbounds i8, ptr addrspace(3) %arrayidx4.i1689, i32 12
  %vpack.i1614.sroa.9.0.copyload = load i32, ptr addrspace(3) %vpack.i1614.sroa.9.0.arrayidx4.i1689.sroa_idx, align 4, !tbaa !16
  %conv.i55.i76.i = trunc i32 %vpack.i1614.sroa.0.0.copyload to i16
  %234 = tail call contract noundef float @llvm.mxc.bf16.to.f32(i16 %conv.i55.i76.i)
  %shr.i69.i81.i = lshr i32 %vpack.i1614.sroa.0.0.copyload, 16
  %conv.i70.i82.i = trunc nuw i32 %shr.i69.i81.i to i16
  %235 = tail call contract noundef float @llvm.mxc.bf16.to.f32(i16 %conv.i70.i82.i)
  %vecinit.i175.i = insertelement <2 x float> poison, float %234, i64 0
  %vecinit2.i177.i = insertelement <2 x float> %vecinit.i175.i, float %235, i64 1
  %vecinit3.i178.i = insertelement <2 x float> poison, float %231, i64 0
  %vecinit4.i179.i = shufflevector <2 x float> %vecinit3.i178.i, <2 x float> poison, <2 x i32> zeroinitializer
  %236 = tail call contract <2 x float> @llvm.mxc.pk.fma.f32(<2 x float> %vecinit2.i177.i, <2 x float> %vecinit4.i179.i, <2 x float> %acc0.sroa.0.3)
  %vecinit3.i170.i = insertelement <2 x float> poison, float %233, i64 0
  %vecinit4.i171.i = shufflevector <2 x float> %vecinit3.i170.i, <2 x float> poison, <2 x i32> zeroinitializer
  %237 = tail call contract <2 x float> @llvm.mxc.pk.fma.f32(<2 x float> %vecinit2.i177.i, <2 x float> %vecinit4.i171.i, <2 x float> %acc1.sroa.0.3)
  %conv.i52.i87.i = trunc i32 %vpack.i1614.sroa.5.0.copyload to i16
  %238 = tail call contract noundef float @llvm.mxc.bf16.to.f32(i16 %conv.i52.i87.i)
  %shr.i65.i92.i = lshr i32 %vpack.i1614.sroa.5.0.copyload, 16
  %conv.i66.i93.i = trunc nuw i32 %shr.i65.i92.i to i16
  %239 = tail call contract noundef float @llvm.mxc.bf16.to.f32(i16 %conv.i66.i93.i)
  %vecinit.i159.i = insertelement <2 x float> poison, float %238, i64 0
  %vecinit2.i161.i = insertelement <2 x float> %vecinit.i159.i, float %239, i64 1
  %240 = tail call contract <2 x float> @llvm.mxc.pk.fma.f32(<2 x float> %vecinit2.i161.i, <2 x float> %vecinit4.i179.i, <2 x float> %acc0.sroa.46.3)
  %241 = tail call contract <2 x float> @llvm.mxc.pk.fma.f32(<2 x float> %vecinit2.i161.i, <2 x float> %vecinit4.i171.i, <2 x float> %acc1.sroa.46.3)
  %conv.i49.i100.i = trunc i32 %vpack.i1614.sroa.7.0.copyload to i16
  %242 = tail call contract noundef float @llvm.mxc.bf16.to.f32(i16 %conv.i49.i100.i)
  %shr.i61.i105.i = lshr i32 %vpack.i1614.sroa.7.0.copyload, 16
  %conv.i62.i106.i = trunc nuw i32 %shr.i61.i105.i to i16
  %243 = tail call contract noundef float @llvm.mxc.bf16.to.f32(i16 %conv.i62.i106.i)
  %vecinit.i143.i = insertelement <2 x float> poison, float %242, i64 0
  %vecinit2.i145.i = insertelement <2 x float> %vecinit.i143.i, float %243, i64 1
  %244 = tail call contract <2 x float> @llvm.mxc.pk.fma.f32(<2 x float> %vecinit2.i145.i, <2 x float> %vecinit4.i179.i, <2 x float> %acc0.sroa.89.3)
  %245 = tail call contract <2 x float> @llvm.mxc.pk.fma.f32(<2 x float> %vecinit2.i145.i, <2 x float> %vecinit4.i171.i, <2 x float> %acc1.sroa.89.3)
  %conv.i.i113.i = trunc i32 %vpack.i1614.sroa.9.0.copyload to i16
  %246 = tail call contract noundef float @llvm.mxc.bf16.to.f32(i16 %conv.i.i113.i)
  %shr.i.i118.i = lshr i32 %vpack.i1614.sroa.9.0.copyload, 16
  %conv.i58.i119.i = trunc nuw i32 %shr.i.i118.i to i16
  %247 = tail call contract noundef float @llvm.mxc.bf16.to.f32(i16 %conv.i58.i119.i)
  %vecinit.i127.i = insertelement <2 x float> poison, float %246, i64 0
  %vecinit2.i129.i = insertelement <2 x float> %vecinit.i127.i, float %247, i64 1
  %248 = tail call contract <2 x float> @llvm.mxc.pk.fma.f32(<2 x float> %vecinit2.i129.i, <2 x float> %vecinit4.i179.i, <2 x float> %acc0.sroa.132.3)
  %249 = tail call contract <2 x float> @llvm.mxc.pk.fma.f32(<2 x float> %vecinit2.i129.i, <2 x float> %vecinit4.i171.i, <2 x float> %acc1.sroa.132.3)
  br label %if.end.i1616

if.end.i1616:                                     ; preds = %if.then.i1678, %if.end366
  %acc0.sroa.132.4 = phi <2 x float> [ %248, %if.then.i1678 ], [ %acc0.sroa.132.3, %if.end366 ]
  %acc0.sroa.89.4 = phi <2 x float> [ %244, %if.then.i1678 ], [ %acc0.sroa.89.3, %if.end366 ]
  %acc0.sroa.46.4 = phi <2 x float> [ %240, %if.then.i1678 ], [ %acc0.sroa.46.3, %if.end366 ]
  %acc0.sroa.0.4 = phi <2 x float> [ %236, %if.then.i1678 ], [ %acc0.sroa.0.3, %if.end366 ]
  %acc1.sroa.132.4 = phi <2 x float> [ %249, %if.then.i1678 ], [ %acc1.sroa.132.3, %if.end366 ]
  %acc1.sroa.89.4 = phi <2 x float> [ %245, %if.then.i1678 ], [ %acc1.sroa.89.3, %if.end366 ]
  %acc1.sroa.46.4 = phi <2 x float> [ %241, %if.then.i1678 ], [ %acc1.sroa.46.3, %if.end366 ]
  %acc1.sroa.0.4 = phi <2 x float> [ %237, %if.then.i1678 ], [ %acc1.sroa.0.3, %if.end366 ]
  %l1.4 = phi float [ %add2.i1685, %if.then.i1678 ], [ %l1.3, %if.end366 ]
  %l0.4 = phi float [ %add.i1684, %if.then.i1678 ], [ %l0.3, %if.end366 ]
  br i1 %cmp276.1, label %if.then7.i, label %if.end370

if.then7.i:                                       ; preds = %if.end.i1616
  %cond14.i = select contract i1 %tobool.not.i, float %cond316, float %cond322
  %sub15.i = fsub contract float %owned_score262.2.1, %cond14.i
  %250 = tail call contract float @llvm.exp2.f32(float %sub15.i)
  %251 = bitcast float %250 to i32
  %252 = tail call i32 @llvm.mxc.mov.shfl.i32(i32 %251, i32 337, i32 15, i32 15, i1 false)
  %253 = bitcast i32 %252 to float
  %254 = tail call i32 @llvm.mxc.mov.shfl.i32(i32 %251, i32 339, i32 15, i32 15, i1 false)
  %255 = bitcast i32 %254 to float
  %add21.i = fadd contract float %l0.4, %253
  %add22.i = fadd contract float %l1.4, %255
  %arrayidx29.i = getelementptr inbounds [64 x i32], ptr addrspace(3) getelementptr inbounds (i8, ptr addrspace(3) @_ZZ42paged_decode_case13_kv8_headpair_z8_kernelILb1ELb1ELb0ELb1ELb1EEvPK15__maca_bfloat16S2_S2_PS0_PKiS5_PfS6_S6_iiiifE9s_storage, i32 4096), i32 %add275.1, i32 %mul29
  %vpack23.i.sroa.0.0.copyload = load i32, ptr addrspace(3) %arrayidx29.i, align 16, !tbaa !16
  %vpack23.i.sroa.5.0.arrayidx29.i.sroa_idx = getelementptr inbounds i8, ptr addrspace(3) %arrayidx29.i, i32 4
  %vpack23.i.sroa.5.0.copyload = load i32, ptr addrspace(3) %vpack23.i.sroa.5.0.arrayidx29.i.sroa_idx, align 4, !tbaa !16
  %vpack23.i.sroa.7.0.arrayidx29.i.sroa_idx = getelementptr inbounds i8, ptr addrspace(3) %arrayidx29.i, i32 8
  %vpack23.i.sroa.7.0.copyload = load i32, ptr addrspace(3) %vpack23.i.sroa.7.0.arrayidx29.i.sroa_idx, align 8, !tbaa !16
  %vpack23.i.sroa.9.0.arrayidx29.i.sroa_idx = getelementptr inbounds i8, ptr addrspace(3) %arrayidx29.i, i32 12
  %vpack23.i.sroa.9.0.copyload = load i32, ptr addrspace(3) %vpack23.i.sroa.9.0.arrayidx29.i.sroa_idx, align 4, !tbaa !16
  %conv.i55.i.i1623 = trunc i32 %vpack23.i.sroa.0.0.copyload to i16
  %256 = tail call contract noundef float @llvm.mxc.bf16.to.f32(i16 %conv.i55.i.i1623)
  %shr.i69.i.i1628 = lshr i32 %vpack23.i.sroa.0.0.copyload, 16
  %conv.i70.i.i1629 = trunc nuw i32 %shr.i69.i.i1628 to i16
  %257 = tail call contract noundef float @llvm.mxc.bf16.to.f32(i16 %conv.i70.i.i1629)
  %vecinit.i239.i = insertelement <2 x float> poison, float %256, i64 0
  %vecinit2.i241.i = insertelement <2 x float> %vecinit.i239.i, float %257, i64 1
  %vecinit3.i242.i = insertelement <2 x float> poison, float %253, i64 0
  %vecinit4.i243.i = shufflevector <2 x float> %vecinit3.i242.i, <2 x float> poison, <2 x i32> zeroinitializer
  %258 = tail call contract <2 x float> @llvm.mxc.pk.fma.f32(<2 x float> %vecinit2.i241.i, <2 x float> %vecinit4.i243.i, <2 x float> %acc0.sroa.0.4)
  %vecinit3.i234.i = insertelement <2 x float> poison, float %255, i64 0
  %vecinit4.i235.i = shufflevector <2 x float> %vecinit3.i234.i, <2 x float> poison, <2 x i32> zeroinitializer
  %259 = tail call contract <2 x float> @llvm.mxc.pk.fma.f32(<2 x float> %vecinit2.i241.i, <2 x float> %vecinit4.i235.i, <2 x float> %acc1.sroa.0.4)
  %conv.i52.i.i1634 = trunc i32 %vpack23.i.sroa.5.0.copyload to i16
  %260 = tail call contract noundef float @llvm.mxc.bf16.to.f32(i16 %conv.i52.i.i1634)
  %shr.i65.i.i1639 = lshr i32 %vpack23.i.sroa.5.0.copyload, 16
  %conv.i66.i.i1640 = trunc nuw i32 %shr.i65.i.i1639 to i16
  %261 = tail call contract noundef float @llvm.mxc.bf16.to.f32(i16 %conv.i66.i.i1640)
  %vecinit.i223.i = insertelement <2 x float> poison, float %260, i64 0
  %vecinit2.i225.i = insertelement <2 x float> %vecinit.i223.i, float %261, i64 1
  %262 = tail call contract <2 x float> @llvm.mxc.pk.fma.f32(<2 x float> %vecinit2.i225.i, <2 x float> %vecinit4.i243.i, <2 x float> %acc0.sroa.46.4)
  %263 = tail call contract <2 x float> @llvm.mxc.pk.fma.f32(<2 x float> %vecinit2.i225.i, <2 x float> %vecinit4.i235.i, <2 x float> %acc1.sroa.46.4)
  %conv.i49.i.i1647 = trunc i32 %vpack23.i.sroa.7.0.copyload to i16
  %264 = tail call contract noundef float @llvm.mxc.bf16.to.f32(i16 %conv.i49.i.i1647)
  %shr.i61.i.i1652 = lshr i32 %vpack23.i.sroa.7.0.copyload, 16
  %conv.i62.i.i1653 = trunc nuw i32 %shr.i61.i.i1652 to i16
  %265 = tail call contract noundef float @llvm.mxc.bf16.to.f32(i16 %conv.i62.i.i1653)
  %vecinit.i207.i = insertelement <2 x float> poison, float %264, i64 0
  %vecinit2.i209.i = insertelement <2 x float> %vecinit.i207.i, float %265, i64 1
  %266 = tail call contract <2 x float> @llvm.mxc.pk.fma.f32(<2 x float> %vecinit2.i209.i, <2 x float> %vecinit4.i243.i, <2 x float> %acc0.sroa.89.4)
  %267 = tail call contract <2 x float> @llvm.mxc.pk.fma.f32(<2 x float> %vecinit2.i209.i, <2 x float> %vecinit4.i235.i, <2 x float> %acc1.sroa.89.4)
  %conv.i.i.i1660 = trunc i32 %vpack23.i.sroa.9.0.copyload to i16
  %268 = tail call contract noundef float @llvm.mxc.bf16.to.f32(i16 %conv.i.i.i1660)
  %shr.i.i.i1665 = lshr i32 %vpack23.i.sroa.9.0.copyload, 16
  %conv.i58.i.i1666 = trunc nuw i32 %shr.i.i.i1665 to i16
  %269 = tail call contract noundef float @llvm.mxc.bf16.to.f32(i16 %conv.i58.i.i1666)
  %vecinit.i191.i = insertelement <2 x float> poison, float %268, i64 0
  %vecinit2.i193.i = insertelement <2 x float> %vecinit.i191.i, float %269, i64 1
  %270 = tail call contract <2 x float> @llvm.mxc.pk.fma.f32(<2 x float> %vecinit2.i193.i, <2 x float> %vecinit4.i243.i, <2 x float> %acc0.sroa.132.4)
  %271 = tail call contract <2 x float> @llvm.mxc.pk.fma.f32(<2 x float> %vecinit2.i193.i, <2 x float> %vecinit4.i235.i, <2 x float> %acc1.sroa.132.4)
  br label %if.end370

if.end370:                                        ; preds = %if.then7.i, %if.end.i1616, %if.end293.1
  %acc0.sroa.132.5 = phi <2 x float> [ %270, %if.then7.i ], [ %acc0.sroa.132.4, %if.end.i1616 ], [ %acc0.sroa.132.2, %if.end293.1 ]
  %acc0.sroa.89.5 = phi <2 x float> [ %266, %if.then7.i ], [ %acc0.sroa.89.4, %if.end.i1616 ], [ %acc0.sroa.89.2, %if.end293.1 ]
  %acc0.sroa.46.5 = phi <2 x float> [ %262, %if.then7.i ], [ %acc0.sroa.46.4, %if.end.i1616 ], [ %acc0.sroa.46.2, %if.end293.1 ]
  %acc0.sroa.0.5 = phi <2 x float> [ %258, %if.then7.i ], [ %acc0.sroa.0.4, %if.end.i1616 ], [ %acc0.sroa.0.2, %if.end293.1 ]
  %acc1.sroa.132.5 = phi <2 x float> [ %271, %if.then7.i ], [ %acc1.sroa.132.4, %if.end.i1616 ], [ %acc1.sroa.132.2, %if.end293.1 ]
  %acc1.sroa.89.5 = phi <2 x float> [ %267, %if.then7.i ], [ %acc1.sroa.89.4, %if.end.i1616 ], [ %acc1.sroa.89.2, %if.end293.1 ]
  %acc1.sroa.46.5 = phi <2 x float> [ %263, %if.then7.i ], [ %acc1.sroa.46.4, %if.end.i1616 ], [ %acc1.sroa.46.2, %if.end293.1 ]
  %acc1.sroa.0.5 = phi <2 x float> [ %259, %if.then7.i ], [ %acc1.sroa.0.4, %if.end.i1616 ], [ %acc1.sroa.0.2, %if.end293.1 ]
  %l1.6 = phi float [ %add22.i, %if.then7.i ], [ %l1.4, %if.end.i1616 ], [ %l1.2, %if.end293.1 ]
  %l0.6 = phi float [ %add21.i, %if.then7.i ], [ %l0.4, %if.end.i1616 ], [ %l0.2, %if.end293.1 ]
  %m1.2 = phi float [ %cond322, %if.then7.i ], [ %cond322, %if.end.i1616 ], [ %m1.1, %if.end293.1 ]
  %m0.2 = phi float [ %cond316, %if.then7.i ], [ %cond316, %if.end.i1616 ], [ %m0.1, %if.end293.1 ]
  fence syncscope("block") release
  tail call void @llvm.mxc.barrier()
  fence syncscope("block") acquire
  br label %if.end371

if.end371:                                        ; preds = %if.end370, %if.end255
  %acc0.sroa.132.6 = phi <2 x float> [ %acc0.sroa.132.5, %if.end370 ], [ %acc0.sroa.132.2, %if.end255 ]
  %acc0.sroa.89.6 = phi <2 x float> [ %acc0.sroa.89.5, %if.end370 ], [ %acc0.sroa.89.2, %if.end255 ]
  %acc0.sroa.46.6 = phi <2 x float> [ %acc0.sroa.46.5, %if.end370 ], [ %acc0.sroa.46.2, %if.end255 ]
  %acc0.sroa.0.6 = phi <2 x float> [ %acc0.sroa.0.5, %if.end370 ], [ %acc0.sroa.0.2, %if.end255 ]
  %acc1.sroa.132.6 = phi <2 x float> [ %acc1.sroa.132.5, %if.end370 ], [ %acc1.sroa.132.2, %if.end255 ]
  %acc1.sroa.89.6 = phi <2 x float> [ %acc1.sroa.89.5, %if.end370 ], [ %acc1.sroa.89.2, %if.end255 ]
  %acc1.sroa.46.6 = phi <2 x float> [ %acc1.sroa.46.5, %if.end370 ], [ %acc1.sroa.46.2, %if.end255 ]
  %acc1.sroa.0.6 = phi <2 x float> [ %acc1.sroa.0.5, %if.end370 ], [ %acc1.sroa.0.2, %if.end255 ]
  %l1.7 = phi float [ %l1.6, %if.end370 ], [ %l1.2, %if.end255 ]
  %l0.7 = phi float [ %l0.6, %if.end370 ], [ %l0.2, %if.end255 ]
  %m1.3 = phi float [ %m1.2, %if.end370 ], [ %m1.1, %if.end255 ]
  %m0.3 = phi float [ %m0.2, %if.end370 ], [ %m0.1, %if.end255 ]
  %cmp372 = icmp ugt i32 %2, 3
  br i1 %cmp372, label %if.then373, label %if.end382

if.then373:                                       ; preds = %if.end371
  %sub374 = shl nuw nsw i32 %2, 2
  %mul375 = add nsw i32 %sub374, -16
  %add376 = add nsw i32 %mul375, %1
  %add.ptr.i1391.idx = shl nsw i32 %add376, 9
  %add.ptr.i1391 = getelementptr inbounds i8, ptr addrspace(3) @_ZZ42paged_decode_case13_kv8_headpair_z8_kernelILb1ELb1ELb0ELb1ELb1EEvPK15__maca_bfloat16S2_S2_PS0_PKiS5_PfS6_S6_iiiifE9s_storage, i32 %add.ptr.i1391.idx
  %mul1.i1392 = shl nuw nsw i32 %0, 3
  %add.ptr3.i1394 = getelementptr inbounds float, ptr addrspace(3) %add.ptr.i1391, i32 %mul1.i1392
  %acc0.sroa.0.0.vec.extract2468 = extractelement <2 x float> %acc0.sroa.0.6, i64 0
  store float %acc0.sroa.0.0.vec.extract2468, ptr addrspace(3) %add.ptr3.i1394, align 16, !tbaa !73
  %acc0.sroa.0.4.vec.extract2497 = extractelement <2 x float> %acc0.sroa.0.6, i64 1
  %arrayidx5.i1408.1 = getelementptr inbounds i8, ptr addrspace(3) %add.ptr3.i1394, i32 4
  store float %acc0.sroa.0.4.vec.extract2497, ptr addrspace(3) %arrayidx5.i1408.1, align 4, !tbaa !73
  %acc0.sroa.46.8.vec.extract2526 = extractelement <2 x float> %acc0.sroa.46.6, i64 0
  %arrayidx5.i1408.2 = getelementptr inbounds i8, ptr addrspace(3) %add.ptr3.i1394, i32 8
  store float %acc0.sroa.46.8.vec.extract2526, ptr addrspace(3) %arrayidx5.i1408.2, align 8, !tbaa !73
  %acc0.sroa.46.12.vec.extract2555 = extractelement <2 x float> %acc0.sroa.46.6, i64 1
  %arrayidx5.i1408.3 = getelementptr inbounds i8, ptr addrspace(3) %add.ptr3.i1394, i32 12
  store float %acc0.sroa.46.12.vec.extract2555, ptr addrspace(3) %arrayidx5.i1408.3, align 4, !tbaa !73
  %acc0.sroa.89.16.vec.extract2584 = extractelement <2 x float> %acc0.sroa.89.6, i64 0
  %arrayidx5.i1408.4 = getelementptr inbounds i8, ptr addrspace(3) %add.ptr3.i1394, i32 16
  store float %acc0.sroa.89.16.vec.extract2584, ptr addrspace(3) %arrayidx5.i1408.4, align 16, !tbaa !73
  %acc0.sroa.89.20.vec.extract2613 = extractelement <2 x float> %acc0.sroa.89.6, i64 1
  %arrayidx5.i1408.5 = getelementptr inbounds i8, ptr addrspace(3) %add.ptr3.i1394, i32 20
  store float %acc0.sroa.89.20.vec.extract2613, ptr addrspace(3) %arrayidx5.i1408.5, align 4, !tbaa !73
  %acc0.sroa.132.24.vec.extract2642 = extractelement <2 x float> %acc0.sroa.132.6, i64 0
  %arrayidx5.i1408.6 = getelementptr inbounds i8, ptr addrspace(3) %add.ptr3.i1394, i32 24
  store float %acc0.sroa.132.24.vec.extract2642, ptr addrspace(3) %arrayidx5.i1408.6, align 8, !tbaa !73
  %acc0.sroa.132.28.vec.extract2671 = extractelement <2 x float> %acc0.sroa.132.6, i64 1
  %arrayidx5.i1408.7 = getelementptr inbounds i8, ptr addrspace(3) %add.ptr3.i1394, i32 28
  store float %acc0.sroa.132.28.vec.extract2671, ptr addrspace(3) %arrayidx5.i1408.7, align 4, !tbaa !73
  %add379 = add nsw i32 %mul375, %add
  %cmp6.i1399 = icmp eq i32 %0, 0
  br i1 %cmp6.i1399, label %if.then.i1401, label %_Z27store_case13_headpair_statePfPA2_fiiffPKf.exit1410

if.then.i1401:                                    ; preds = %if.then373
  %arrayidx8.i1403 = getelementptr inbounds [2 x float], ptr addrspace(3) getelementptr inbounds (i8, ptr addrspace(3) @_ZZ42paged_decode_case13_kv8_headpair_z8_kernelILb1ELb1ELb0ELb1ELb1EEvPK15__maca_bfloat16S2_S2_PS0_PKiS5_PfS6_S6_iiiifE9s_storage, i32 8192), i32 %add376
  %arrayidx12.i1404 = getelementptr inbounds i8, ptr addrspace(3) %arrayidx8.i1403, i32 4
  store float %m0.3, ptr addrspace(3) %arrayidx8.i1403, align 8, !tbaa !73
  store float %l0.7, ptr addrspace(3) %arrayidx12.i1404, align 4, !tbaa !73
  br label %_Z27store_case13_headpair_statePfPA2_fiiffPKf.exit1410

_Z27store_case13_headpair_statePfPA2_fiiffPKf.exit1410: ; preds = %if.then373, %if.then.i1401
  %add.ptr.i1369.idx = shl nsw i32 %add379, 9
  %add.ptr.i1369 = getelementptr inbounds i8, ptr addrspace(3) @_ZZ42paged_decode_case13_kv8_headpair_z8_kernelILb1ELb1ELb0ELb1ELb1EEvPK15__maca_bfloat16S2_S2_PS0_PKiS5_PfS6_S6_iiiifE9s_storage, i32 %add.ptr.i1369.idx
  %add.ptr3.i1372 = getelementptr inbounds float, ptr addrspace(3) %add.ptr.i1369, i32 %mul1.i1392
  %acc1.sroa.0.0.vec.extract2236 = extractelement <2 x float> %acc1.sroa.0.6, i64 0
  store float %acc1.sroa.0.0.vec.extract2236, ptr addrspace(3) %add.ptr3.i1372, align 16, !tbaa !73
  %acc1.sroa.0.4.vec.extract2265 = extractelement <2 x float> %acc1.sroa.0.6, i64 1
  %arrayidx5.i1386.1 = getelementptr inbounds i8, ptr addrspace(3) %add.ptr3.i1372, i32 4
  store float %acc1.sroa.0.4.vec.extract2265, ptr addrspace(3) %arrayidx5.i1386.1, align 4, !tbaa !73
  %acc1.sroa.46.8.vec.extract2294 = extractelement <2 x float> %acc1.sroa.46.6, i64 0
  %arrayidx5.i1386.2 = getelementptr inbounds i8, ptr addrspace(3) %add.ptr3.i1372, i32 8
  store float %acc1.sroa.46.8.vec.extract2294, ptr addrspace(3) %arrayidx5.i1386.2, align 8, !tbaa !73
  %acc1.sroa.46.12.vec.extract2323 = extractelement <2 x float> %acc1.sroa.46.6, i64 1
  %arrayidx5.i1386.3 = getelementptr inbounds i8, ptr addrspace(3) %add.ptr3.i1372, i32 12
  store float %acc1.sroa.46.12.vec.extract2323, ptr addrspace(3) %arrayidx5.i1386.3, align 4, !tbaa !73
  %acc1.sroa.89.16.vec.extract2352 = extractelement <2 x float> %acc1.sroa.89.6, i64 0
  %arrayidx5.i1386.4 = getelementptr inbounds i8, ptr addrspace(3) %add.ptr3.i1372, i32 16
  store float %acc1.sroa.89.16.vec.extract2352, ptr addrspace(3) %arrayidx5.i1386.4, align 16, !tbaa !73
  %acc1.sroa.89.20.vec.extract2381 = extractelement <2 x float> %acc1.sroa.89.6, i64 1
  %arrayidx5.i1386.5 = getelementptr inbounds i8, ptr addrspace(3) %add.ptr3.i1372, i32 20
  store float %acc1.sroa.89.20.vec.extract2381, ptr addrspace(3) %arrayidx5.i1386.5, align 4, !tbaa !73
  %acc1.sroa.132.24.vec.extract2410 = extractelement <2 x float> %acc1.sroa.132.6, i64 0
  %arrayidx5.i1386.6 = getelementptr inbounds i8, ptr addrspace(3) %add.ptr3.i1372, i32 24
  store float %acc1.sroa.132.24.vec.extract2410, ptr addrspace(3) %arrayidx5.i1386.6, align 8, !tbaa !73
  %acc1.sroa.132.28.vec.extract2439 = extractelement <2 x float> %acc1.sroa.132.6, i64 1
  %arrayidx5.i1386.7 = getelementptr inbounds i8, ptr addrspace(3) %add.ptr3.i1372, i32 28
  store float %acc1.sroa.132.28.vec.extract2439, ptr addrspace(3) %arrayidx5.i1386.7, align 4, !tbaa !73
  br i1 %cmp6.i1399, label %if.then.i1379, label %if.end382

if.then.i1379:                                    ; preds = %_Z27store_case13_headpair_statePfPA2_fiiffPKf.exit1410
  %arrayidx8.i1381 = getelementptr inbounds [2 x float], ptr addrspace(3) getelementptr inbounds (i8, ptr addrspace(3) @_ZZ42paged_decode_case13_kv8_headpair_z8_kernelILb1ELb1ELb0ELb1ELb1EEvPK15__maca_bfloat16S2_S2_PS0_PKiS5_PfS6_S6_iiiifE9s_storage, i32 8192), i32 %add379
  %arrayidx12.i1382 = getelementptr inbounds i8, ptr addrspace(3) %arrayidx8.i1381, i32 4
  store float %m1.3, ptr addrspace(3) %arrayidx8.i1381, align 8, !tbaa !73
  store float %l1.7, ptr addrspace(3) %arrayidx12.i1382, align 4, !tbaa !73
  br label %if.end382

if.end382:                                        ; preds = %if.then.i1379, %_Z27store_case13_headpair_statePfPA2_fiiffPKf.exit1410, %if.end371
  fence syncscope("block") release
  tail call void @llvm.mxc.barrier()
  fence syncscope("block") acquire
  %cmp383 = icmp ult i32 %2, 4
  br i1 %cmp383, label %if.then384, label %if.end415

if.then384:                                       ; preds = %if.end382
  %mul385 = shl nuw nsw i32 %2, 2
  %add386 = add nuw nsw i32 %mul385, %1
  %add388 = add nuw nsw i32 %mul385, %add
  %arrayidx391 = getelementptr inbounds [2 x float], ptr addrspace(3) getelementptr inbounds (i8, ptr addrspace(3) @_ZZ42paged_decode_case13_kv8_headpair_z8_kernelILb1ELb1ELb0ELb1ELb1EEvPK15__maca_bfloat16S2_S2_PS0_PKiS5_PfS6_S6_iiiifE9s_storage, i32 8192), i32 %add386
  %272 = load float, ptr addrspace(3) %arrayidx391, align 8, !tbaa !73
  %arrayidx395 = getelementptr inbounds i8, ptr addrspace(3) %arrayidx391, i32 4
  %273 = load float, ptr addrspace(3) %arrayidx395, align 4, !tbaa !73
  %add.ptr398.idx = shl nuw nsw i32 %add386, 9
  %add.ptr398 = getelementptr inbounds i8, ptr addrspace(3) @_ZZ42paged_decode_case13_kv8_headpair_z8_kernelILb1ELb1ELb0ELb1ELb1EEvPK15__maca_bfloat16S2_S2_PS0_PKiS5_PfS6_S6_iiiifE9s_storage, i32 %add.ptr398.idx
  %mul399 = shl nuw nsw i32 %0, 3
  %add.ptr401 = getelementptr inbounds float, ptr addrspace(3) %add.ptr398, i32 %mul399
  %274 = tail call contract noundef float @llvm.maxnum.f32(float %m0.3, float %272)
  %cmp.i992 = fcmp contract ogt float %l0.7, 0.000000e+00
  %sub.i993 = fsub contract float %m0.3, %274
  %275 = tail call contract float @llvm.exp2.f32(float %sub.i993)
  %cond.i994 = select contract i1 %cmp.i992, float %275, float 0.000000e+00
  %cmp1.i995 = fcmp contract ogt float %273, 0.000000e+00
  %sub3.i996 = fsub contract float %272, %274
  %276 = tail call contract float @llvm.exp2.f32(float %sub3.i996)
  %cond6.i997 = select contract i1 %cmp1.i995, float %276, float 0.000000e+00
  %mul.i998 = fmul contract float %l0.7, %cond.i994
  %mul7.i999 = fmul contract float %273, %cond6.i997
  %add.i1000 = fadd contract float %mul.i998, %mul7.i999
  %vecinit3.i1020 = insertelement <2 x float> poison, float %cond.i994, i64 0
  %vecinit4.i1021 = shufflevector <2 x float> %vecinit3.i1020, <2 x float> poison, <2 x i32> zeroinitializer
  %277 = tail call contract <2 x float> @llvm.mxc.pk.fma.f32(<2 x float> %acc0.sroa.0.6, <2 x float> %vecinit4.i1021, <2 x float> zeroinitializer)
  %278 = tail call contract <2 x float> @llvm.mxc.pk.fma.f32(<2 x float> %acc0.sroa.46.6, <2 x float> %vecinit4.i1021, <2 x float> zeroinitializer)
  %279 = tail call contract <2 x float> @llvm.mxc.pk.fma.f32(<2 x float> %acc0.sroa.89.6, <2 x float> %vecinit4.i1021, <2 x float> zeroinitializer)
  %280 = tail call contract <2 x float> @llvm.mxc.pk.fma.f32(<2 x float> %acc0.sroa.132.6, <2 x float> %vecinit4.i1021, <2 x float> zeroinitializer)
  %281 = load float, ptr addrspace(3) %add.ptr401, align 16, !tbaa !73
  %vecinit.i1184 = insertelement <2 x float> poison, float %281, i64 0
  %arrayidx1.i1185 = getelementptr inbounds i8, ptr addrspace(3) %add.ptr401, i32 4
  %282 = load float, ptr addrspace(3) %arrayidx1.i1185, align 4, !tbaa !73
  %vecinit2.i1186 = insertelement <2 x float> %vecinit.i1184, float %282, i64 1
  %vecinit3.i1187 = insertelement <2 x float> poison, float %cond6.i997, i64 0
  %vecinit4.i1188 = shufflevector <2 x float> %vecinit3.i1187, <2 x float> poison, <2 x i32> zeroinitializer
  %283 = tail call contract <2 x float> @llvm.mxc.pk.fma.f32(<2 x float> %vecinit2.i1186, <2 x float> %vecinit4.i1188, <2 x float> %277)
  %add.ptr14.i1004 = getelementptr inbounds i8, ptr addrspace(3) %add.ptr401, i32 8
  %284 = load float, ptr addrspace(3) %add.ptr14.i1004, align 8, !tbaa !73
  %vecinit.i1176 = insertelement <2 x float> poison, float %284, i64 0
  %arrayidx1.i1177 = getelementptr inbounds i8, ptr addrspace(3) %add.ptr401, i32 12
  %285 = load float, ptr addrspace(3) %arrayidx1.i1177, align 4, !tbaa !73
  %vecinit2.i1178 = insertelement <2 x float> %vecinit.i1176, float %285, i64 1
  %286 = tail call contract <2 x float> @llvm.mxc.pk.fma.f32(<2 x float> %vecinit2.i1178, <2 x float> %vecinit4.i1188, <2 x float> %278)
  %add.ptr16.i1005 = getelementptr inbounds i8, ptr addrspace(3) %add.ptr401, i32 16
  %287 = load float, ptr addrspace(3) %add.ptr16.i1005, align 16, !tbaa !73
  %vecinit.i1168 = insertelement <2 x float> poison, float %287, i64 0
  %arrayidx1.i1169 = getelementptr inbounds i8, ptr addrspace(3) %add.ptr401, i32 20
  %288 = load float, ptr addrspace(3) %arrayidx1.i1169, align 4, !tbaa !73
  %vecinit2.i1170 = insertelement <2 x float> %vecinit.i1168, float %288, i64 1
  %289 = tail call contract <2 x float> @llvm.mxc.pk.fma.f32(<2 x float> %vecinit2.i1170, <2 x float> %vecinit4.i1188, <2 x float> %279)
  %add.ptr18.i1006 = getelementptr inbounds i8, ptr addrspace(3) %add.ptr401, i32 24
  %290 = load float, ptr addrspace(3) %add.ptr18.i1006, align 8, !tbaa !73
  %vecinit.i1163 = insertelement <2 x float> poison, float %290, i64 0
  %arrayidx1.i1164 = getelementptr inbounds i8, ptr addrspace(3) %add.ptr401, i32 28
  %291 = load float, ptr addrspace(3) %arrayidx1.i1164, align 4, !tbaa !73
  %vecinit2.i1165 = insertelement <2 x float> %vecinit.i1163, float %291, i64 1
  %292 = tail call contract <2 x float> @llvm.mxc.pk.fma.f32(<2 x float> %vecinit2.i1165, <2 x float> %vecinit4.i1188, <2 x float> %280)
  %arrayidx404 = getelementptr inbounds [2 x float], ptr addrspace(3) getelementptr inbounds (i8, ptr addrspace(3) @_ZZ42paged_decode_case13_kv8_headpair_z8_kernelILb1ELb1ELb0ELb1ELb1EEvPK15__maca_bfloat16S2_S2_PS0_PKiS5_PfS6_S6_iiiifE9s_storage, i32 8192), i32 %add388
  %293 = load float, ptr addrspace(3) %arrayidx404, align 8, !tbaa !73
  %arrayidx408 = getelementptr inbounds i8, ptr addrspace(3) %arrayidx404, i32 4
  %294 = load float, ptr addrspace(3) %arrayidx408, align 4, !tbaa !73
  %add.ptr411.idx = shl nuw nsw i32 %add388, 9
  %add.ptr411 = getelementptr inbounds i8, ptr addrspace(3) @_ZZ42paged_decode_case13_kv8_headpair_z8_kernelILb1ELb1ELb0ELb1ELb1EEvPK15__maca_bfloat16S2_S2_PS0_PKiS5_PfS6_S6_iiiifE9s_storage, i32 %add.ptr411.idx
  %add.ptr414 = getelementptr inbounds float, ptr addrspace(3) %add.ptr411, i32 %mul399
  %295 = tail call contract noundef float @llvm.maxnum.f32(float %m1.3, float %293)
  %cmp.i976 = fcmp contract ogt float %l1.7, 0.000000e+00
  %sub.i977 = fsub contract float %m1.3, %295
  %296 = tail call contract float @llvm.exp2.f32(float %sub.i977)
  %cond.i978 = select contract i1 %cmp.i976, float %296, float 0.000000e+00
  %cmp1.i979 = fcmp contract ogt float %294, 0.000000e+00
  %sub3.i980 = fsub contract float %293, %295
  %297 = tail call contract float @llvm.exp2.f32(float %sub3.i980)
  %cond6.i981 = select contract i1 %cmp1.i979, float %297, float 0.000000e+00
  %mul.i982 = fmul contract float %l1.7, %cond.i978
  %mul7.i983 = fmul contract float %294, %cond6.i981
  %add.i984 = fadd contract float %mul.i982, %mul7.i983
  %vecinit3.i1040 = insertelement <2 x float> poison, float %cond.i978, i64 0
  %vecinit4.i1041 = shufflevector <2 x float> %vecinit3.i1040, <2 x float> poison, <2 x i32> zeroinitializer
  %298 = tail call contract <2 x float> @llvm.mxc.pk.fma.f32(<2 x float> %acc1.sroa.0.6, <2 x float> %vecinit4.i1041, <2 x float> zeroinitializer)
  %299 = tail call contract <2 x float> @llvm.mxc.pk.fma.f32(<2 x float> %acc1.sroa.46.6, <2 x float> %vecinit4.i1041, <2 x float> zeroinitializer)
  %300 = tail call contract <2 x float> @llvm.mxc.pk.fma.f32(<2 x float> %acc1.sroa.89.6, <2 x float> %vecinit4.i1041, <2 x float> zeroinitializer)
  %301 = tail call contract <2 x float> @llvm.mxc.pk.fma.f32(<2 x float> %acc1.sroa.132.6, <2 x float> %vecinit4.i1041, <2 x float> zeroinitializer)
  %302 = load float, ptr addrspace(3) %add.ptr414, align 16, !tbaa !73
  %vecinit.i1216 = insertelement <2 x float> poison, float %302, i64 0
  %arrayidx1.i1217 = getelementptr inbounds i8, ptr addrspace(3) %add.ptr414, i32 4
  %303 = load float, ptr addrspace(3) %arrayidx1.i1217, align 4, !tbaa !73
  %vecinit2.i1218 = insertelement <2 x float> %vecinit.i1216, float %303, i64 1
  %vecinit3.i1219 = insertelement <2 x float> poison, float %cond6.i981, i64 0
  %vecinit4.i1220 = shufflevector <2 x float> %vecinit3.i1219, <2 x float> poison, <2 x i32> zeroinitializer
  %304 = tail call contract <2 x float> @llvm.mxc.pk.fma.f32(<2 x float> %vecinit2.i1218, <2 x float> %vecinit4.i1220, <2 x float> %298)
  %add.ptr14.i988 = getelementptr inbounds i8, ptr addrspace(3) %add.ptr414, i32 8
  %305 = load float, ptr addrspace(3) %add.ptr14.i988, align 8, !tbaa !73
  %vecinit.i1208 = insertelement <2 x float> poison, float %305, i64 0
  %arrayidx1.i1209 = getelementptr inbounds i8, ptr addrspace(3) %add.ptr414, i32 12
  %306 = load float, ptr addrspace(3) %arrayidx1.i1209, align 4, !tbaa !73
  %vecinit2.i1210 = insertelement <2 x float> %vecinit.i1208, float %306, i64 1
  %307 = tail call contract <2 x float> @llvm.mxc.pk.fma.f32(<2 x float> %vecinit2.i1210, <2 x float> %vecinit4.i1220, <2 x float> %299)
  %add.ptr16.i989 = getelementptr inbounds i8, ptr addrspace(3) %add.ptr414, i32 16
  %308 = load float, ptr addrspace(3) %add.ptr16.i989, align 16, !tbaa !73
  %vecinit.i1200 = insertelement <2 x float> poison, float %308, i64 0
  %arrayidx1.i1201 = getelementptr inbounds i8, ptr addrspace(3) %add.ptr414, i32 20
  %309 = load float, ptr addrspace(3) %arrayidx1.i1201, align 4, !tbaa !73
  %vecinit2.i1202 = insertelement <2 x float> %vecinit.i1200, float %309, i64 1
  %310 = tail call contract <2 x float> @llvm.mxc.pk.fma.f32(<2 x float> %vecinit2.i1202, <2 x float> %vecinit4.i1220, <2 x float> %300)
  %add.ptr18.i990 = getelementptr inbounds i8, ptr addrspace(3) %add.ptr414, i32 24
  %311 = load float, ptr addrspace(3) %add.ptr18.i990, align 8, !tbaa !73
  %vecinit.i1192 = insertelement <2 x float> poison, float %311, i64 0
  %arrayidx1.i1193 = getelementptr inbounds i8, ptr addrspace(3) %add.ptr414, i32 28
  %312 = load float, ptr addrspace(3) %arrayidx1.i1193, align 4, !tbaa !73
  %vecinit2.i1194 = insertelement <2 x float> %vecinit.i1192, float %312, i64 1
  %313 = tail call contract <2 x float> @llvm.mxc.pk.fma.f32(<2 x float> %vecinit2.i1194, <2 x float> %vecinit4.i1220, <2 x float> %301)
  br label %if.end415

if.end415:                                        ; preds = %if.then384, %if.end382
  %acc0.sroa.132.7 = phi <2 x float> [ %292, %if.then384 ], [ %acc0.sroa.132.6, %if.end382 ]
  %acc0.sroa.89.7 = phi <2 x float> [ %289, %if.then384 ], [ %acc0.sroa.89.6, %if.end382 ]
  %acc0.sroa.46.7 = phi <2 x float> [ %286, %if.then384 ], [ %acc0.sroa.46.6, %if.end382 ]
  %acc0.sroa.0.7 = phi <2 x float> [ %283, %if.then384 ], [ %acc0.sroa.0.6, %if.end382 ]
  %acc1.sroa.132.7 = phi <2 x float> [ %313, %if.then384 ], [ %acc1.sroa.132.6, %if.end382 ]
  %acc1.sroa.89.7 = phi <2 x float> [ %310, %if.then384 ], [ %acc1.sroa.89.6, %if.end382 ]
  %acc1.sroa.46.7 = phi <2 x float> [ %307, %if.then384 ], [ %acc1.sroa.46.6, %if.end382 ]
  %acc1.sroa.0.7 = phi <2 x float> [ %304, %if.then384 ], [ %acc1.sroa.0.6, %if.end382 ]
  %l1.8 = phi float [ %add.i984, %if.then384 ], [ %l1.7, %if.end382 ]
  %l0.8 = phi float [ %add.i1000, %if.then384 ], [ %l0.7, %if.end382 ]
  %m1.4 = phi float [ %295, %if.then384 ], [ %m1.3, %if.end382 ]
  %m0.4 = phi float [ %274, %if.then384 ], [ %m0.3, %if.end382 ]
  fence syncscope("block") release
  tail call void @llvm.mxc.barrier()
  fence syncscope("block") acquire
  %314 = and i32 %2, 1022
  %or.cond592 = icmp eq i32 %314, 2
  br i1 %or.cond592, label %if.then418, label %if.end429

if.then418:                                       ; preds = %if.end415
  %sub420 = shl nuw nsw i32 %2, 2
  %mul421 = add nsw i32 %sub420, -8
  %add422 = add nuw nsw i32 %mul421, %1
  %add.ptr.i1347.idx = shl nuw nsw i32 %add422, 9
  %add.ptr.i1347 = getelementptr inbounds i8, ptr addrspace(3) @_ZZ42paged_decode_case13_kv8_headpair_z8_kernelILb1ELb1ELb0ELb1ELb1EEvPK15__maca_bfloat16S2_S2_PS0_PKiS5_PfS6_S6_iiiifE9s_storage, i32 %add.ptr.i1347.idx
  %mul1.i1348 = shl nuw nsw i32 %0, 3
  %add.ptr3.i1350 = getelementptr inbounds float, ptr addrspace(3) %add.ptr.i1347, i32 %mul1.i1348
  %acc0.sroa.0.0.vec.extract2470 = extractelement <2 x float> %acc0.sroa.0.7, i64 0
  store float %acc0.sroa.0.0.vec.extract2470, ptr addrspace(3) %add.ptr3.i1350, align 16, !tbaa !73
  %acc0.sroa.0.4.vec.extract2499 = extractelement <2 x float> %acc0.sroa.0.7, i64 1
  %arrayidx5.i1364.1 = getelementptr inbounds i8, ptr addrspace(3) %add.ptr3.i1350, i32 4
  store float %acc0.sroa.0.4.vec.extract2499, ptr addrspace(3) %arrayidx5.i1364.1, align 4, !tbaa !73
  %acc0.sroa.46.8.vec.extract2528 = extractelement <2 x float> %acc0.sroa.46.7, i64 0
  %arrayidx5.i1364.2 = getelementptr inbounds i8, ptr addrspace(3) %add.ptr3.i1350, i32 8
  store float %acc0.sroa.46.8.vec.extract2528, ptr addrspace(3) %arrayidx5.i1364.2, align 8, !tbaa !73
  %acc0.sroa.46.12.vec.extract2557 = extractelement <2 x float> %acc0.sroa.46.7, i64 1
  %arrayidx5.i1364.3 = getelementptr inbounds i8, ptr addrspace(3) %add.ptr3.i1350, i32 12
  store float %acc0.sroa.46.12.vec.extract2557, ptr addrspace(3) %arrayidx5.i1364.3, align 4, !tbaa !73
  %acc0.sroa.89.16.vec.extract2586 = extractelement <2 x float> %acc0.sroa.89.7, i64 0
  %arrayidx5.i1364.4 = getelementptr inbounds i8, ptr addrspace(3) %add.ptr3.i1350, i32 16
  store float %acc0.sroa.89.16.vec.extract2586, ptr addrspace(3) %arrayidx5.i1364.4, align 16, !tbaa !73
  %acc0.sroa.89.20.vec.extract2615 = extractelement <2 x float> %acc0.sroa.89.7, i64 1
  %arrayidx5.i1364.5 = getelementptr inbounds i8, ptr addrspace(3) %add.ptr3.i1350, i32 20
  store float %acc0.sroa.89.20.vec.extract2615, ptr addrspace(3) %arrayidx5.i1364.5, align 4, !tbaa !73
  %acc0.sroa.132.24.vec.extract2644 = extractelement <2 x float> %acc0.sroa.132.7, i64 0
  %arrayidx5.i1364.6 = getelementptr inbounds i8, ptr addrspace(3) %add.ptr3.i1350, i32 24
  store float %acc0.sroa.132.24.vec.extract2644, ptr addrspace(3) %arrayidx5.i1364.6, align 8, !tbaa !73
  %acc0.sroa.132.28.vec.extract2673 = extractelement <2 x float> %acc0.sroa.132.7, i64 1
  %arrayidx5.i1364.7 = getelementptr inbounds i8, ptr addrspace(3) %add.ptr3.i1350, i32 28
  store float %acc0.sroa.132.28.vec.extract2673, ptr addrspace(3) %arrayidx5.i1364.7, align 4, !tbaa !73
  %add426 = add nuw nsw i32 %mul421, %add
  %cmp6.i1355 = icmp eq i32 %0, 0
  br i1 %cmp6.i1355, label %if.then.i1357, label %_Z27store_case13_headpair_statePfPA2_fiiffPKf.exit1366

if.then.i1357:                                    ; preds = %if.then418
  %arrayidx8.i1359 = getelementptr inbounds [2 x float], ptr addrspace(3) getelementptr inbounds (i8, ptr addrspace(3) @_ZZ42paged_decode_case13_kv8_headpair_z8_kernelILb1ELb1ELb0ELb1ELb1EEvPK15__maca_bfloat16S2_S2_PS0_PKiS5_PfS6_S6_iiiifE9s_storage, i32 8192), i32 %add422
  %arrayidx12.i1360 = getelementptr inbounds i8, ptr addrspace(3) %arrayidx8.i1359, i32 4
  store float %m0.4, ptr addrspace(3) %arrayidx8.i1359, align 8, !tbaa !73
  store float %l0.8, ptr addrspace(3) %arrayidx12.i1360, align 4, !tbaa !73
  br label %_Z27store_case13_headpair_statePfPA2_fiiffPKf.exit1366

_Z27store_case13_headpair_statePfPA2_fiiffPKf.exit1366: ; preds = %if.then418, %if.then.i1357
  %add.ptr.i1340.idx = shl nuw nsw i32 %add426, 9
  %add.ptr.i1340 = getelementptr inbounds i8, ptr addrspace(3) @_ZZ42paged_decode_case13_kv8_headpair_z8_kernelILb1ELb1ELb0ELb1ELb1EEvPK15__maca_bfloat16S2_S2_PS0_PKiS5_PfS6_S6_iiiifE9s_storage, i32 %add.ptr.i1340.idx
  %add.ptr3.i = getelementptr inbounds float, ptr addrspace(3) %add.ptr.i1340, i32 %mul1.i1348
  %acc1.sroa.0.0.vec.extract2238 = extractelement <2 x float> %acc1.sroa.0.7, i64 0
  store float %acc1.sroa.0.0.vec.extract2238, ptr addrspace(3) %add.ptr3.i, align 16, !tbaa !73
  %acc1.sroa.0.4.vec.extract2267 = extractelement <2 x float> %acc1.sroa.0.7, i64 1
  %arrayidx5.i.1 = getelementptr inbounds i8, ptr addrspace(3) %add.ptr3.i, i32 4
  store float %acc1.sroa.0.4.vec.extract2267, ptr addrspace(3) %arrayidx5.i.1, align 4, !tbaa !73
  %acc1.sroa.46.8.vec.extract2296 = extractelement <2 x float> %acc1.sroa.46.7, i64 0
  %arrayidx5.i.2 = getelementptr inbounds i8, ptr addrspace(3) %add.ptr3.i, i32 8
  store float %acc1.sroa.46.8.vec.extract2296, ptr addrspace(3) %arrayidx5.i.2, align 8, !tbaa !73
  %acc1.sroa.46.12.vec.extract2325 = extractelement <2 x float> %acc1.sroa.46.7, i64 1
  %arrayidx5.i.3 = getelementptr inbounds i8, ptr addrspace(3) %add.ptr3.i, i32 12
  store float %acc1.sroa.46.12.vec.extract2325, ptr addrspace(3) %arrayidx5.i.3, align 4, !tbaa !73
  %acc1.sroa.89.16.vec.extract2354 = extractelement <2 x float> %acc1.sroa.89.7, i64 0
  %arrayidx5.i.4 = getelementptr inbounds i8, ptr addrspace(3) %add.ptr3.i, i32 16
  store float %acc1.sroa.89.16.vec.extract2354, ptr addrspace(3) %arrayidx5.i.4, align 16, !tbaa !73
  %acc1.sroa.89.20.vec.extract2383 = extractelement <2 x float> %acc1.sroa.89.7, i64 1
  %arrayidx5.i.5 = getelementptr inbounds i8, ptr addrspace(3) %add.ptr3.i, i32 20
  store float %acc1.sroa.89.20.vec.extract2383, ptr addrspace(3) %arrayidx5.i.5, align 4, !tbaa !73
  %acc1.sroa.132.24.vec.extract2412 = extractelement <2 x float> %acc1.sroa.132.7, i64 0
  %arrayidx5.i.6 = getelementptr inbounds i8, ptr addrspace(3) %add.ptr3.i, i32 24
  store float %acc1.sroa.132.24.vec.extract2412, ptr addrspace(3) %arrayidx5.i.6, align 8, !tbaa !73
  %acc1.sroa.132.28.vec.extract2441 = extractelement <2 x float> %acc1.sroa.132.7, i64 1
  %arrayidx5.i.7 = getelementptr inbounds i8, ptr addrspace(3) %add.ptr3.i, i32 28
  store float %acc1.sroa.132.28.vec.extract2441, ptr addrspace(3) %arrayidx5.i.7, align 4, !tbaa !73
  br i1 %cmp6.i1355, label %if.then.i, label %if.end429

if.then.i:                                        ; preds = %_Z27store_case13_headpair_statePfPA2_fiiffPKf.exit1366
  %arrayidx8.i = getelementptr inbounds [2 x float], ptr addrspace(3) getelementptr inbounds (i8, ptr addrspace(3) @_ZZ42paged_decode_case13_kv8_headpair_z8_kernelILb1ELb1ELb0ELb1ELb1EEvPK15__maca_bfloat16S2_S2_PS0_PKiS5_PfS6_S6_iiiifE9s_storage, i32 8192), i32 %add426
  %arrayidx12.i1343 = getelementptr inbounds i8, ptr addrspace(3) %arrayidx8.i, i32 4
  store float %m1.4, ptr addrspace(3) %arrayidx8.i, align 8, !tbaa !73
  store float %l1.8, ptr addrspace(3) %arrayidx12.i1343, align 4, !tbaa !73
  br label %if.end429

if.end429:                                        ; preds = %if.then.i, %_Z27store_case13_headpair_statePfPA2_fiiffPKf.exit1366, %if.end415
  fence syncscope("block") release
  tail call void @llvm.mxc.barrier()
  fence syncscope("block") acquire
  %cmp430 = icmp ult i32 %2, 2
  br i1 %cmp430, label %if.then431, label %if.end464

if.then431:                                       ; preds = %if.end429
  %mul433 = shl nuw nsw i32 %2, 2
  %add434 = add nuw nsw i32 %mul433, %1
  %add437 = add nuw nsw i32 %mul433, %add
  %arrayidx440 = getelementptr inbounds [2 x float], ptr addrspace(3) getelementptr inbounds (i8, ptr addrspace(3) @_ZZ42paged_decode_case13_kv8_headpair_z8_kernelILb1ELb1ELb0ELb1ELb1EEvPK15__maca_bfloat16S2_S2_PS0_PKiS5_PfS6_S6_iiiifE9s_storage, i32 8192), i32 %add434
  %315 = load float, ptr addrspace(3) %arrayidx440, align 8, !tbaa !73
  %arrayidx444 = getelementptr inbounds i8, ptr addrspace(3) %arrayidx440, i32 4
  %316 = load float, ptr addrspace(3) %arrayidx444, align 4, !tbaa !73
  %add.ptr447.idx = shl nuw nsw i32 %add434, 9
  %add.ptr447 = getelementptr inbounds i8, ptr addrspace(3) @_ZZ42paged_decode_case13_kv8_headpair_z8_kernelILb1ELb1ELb0ELb1ELb1EEvPK15__maca_bfloat16S2_S2_PS0_PKiS5_PfS6_S6_iiiifE9s_storage, i32 %add.ptr447.idx
  %mul448 = shl nuw nsw i32 %0, 3
  %add.ptr450 = getelementptr inbounds float, ptr addrspace(3) %add.ptr447, i32 %mul448
  %317 = tail call contract noundef float @llvm.maxnum.f32(float %m0.4, float %315)
  %cmp.i960 = fcmp contract ogt float %l0.8, 0.000000e+00
  %sub.i961 = fsub contract float %m0.4, %317
  %318 = tail call contract float @llvm.exp2.f32(float %sub.i961)
  %cond.i962 = select contract i1 %cmp.i960, float %318, float 0.000000e+00
  %cmp1.i963 = fcmp contract ogt float %316, 0.000000e+00
  %sub3.i964 = fsub contract float %315, %317
  %319 = tail call contract float @llvm.exp2.f32(float %sub3.i964)
  %cond6.i965 = select contract i1 %cmp1.i963, float %319, float 0.000000e+00
  %mul.i966 = fmul contract float %l0.8, %cond.i962
  %mul7.i967 = fmul contract float %316, %cond6.i965
  %add.i968 = fadd contract float %mul.i966, %mul7.i967
  %vecinit3.i1060 = insertelement <2 x float> poison, float %cond.i962, i64 0
  %vecinit4.i1061 = shufflevector <2 x float> %vecinit3.i1060, <2 x float> poison, <2 x i32> zeroinitializer
  %320 = tail call contract <2 x float> @llvm.mxc.pk.fma.f32(<2 x float> %acc0.sroa.0.7, <2 x float> %vecinit4.i1061, <2 x float> zeroinitializer)
  %321 = tail call contract <2 x float> @llvm.mxc.pk.fma.f32(<2 x float> %acc0.sroa.46.7, <2 x float> %vecinit4.i1061, <2 x float> zeroinitializer)
  %322 = tail call contract <2 x float> @llvm.mxc.pk.fma.f32(<2 x float> %acc0.sroa.89.7, <2 x float> %vecinit4.i1061, <2 x float> zeroinitializer)
  %323 = tail call contract <2 x float> @llvm.mxc.pk.fma.f32(<2 x float> %acc0.sroa.132.7, <2 x float> %vecinit4.i1061, <2 x float> zeroinitializer)
  %324 = load float, ptr addrspace(3) %add.ptr450, align 16, !tbaa !73
  %vecinit.i1248 = insertelement <2 x float> poison, float %324, i64 0
  %arrayidx1.i1249 = getelementptr inbounds i8, ptr addrspace(3) %add.ptr450, i32 4
  %325 = load float, ptr addrspace(3) %arrayidx1.i1249, align 4, !tbaa !73
  %vecinit2.i1250 = insertelement <2 x float> %vecinit.i1248, float %325, i64 1
  %vecinit3.i1251 = insertelement <2 x float> poison, float %cond6.i965, i64 0
  %vecinit4.i1252 = shufflevector <2 x float> %vecinit3.i1251, <2 x float> poison, <2 x i32> zeroinitializer
  %326 = tail call contract <2 x float> @llvm.mxc.pk.fma.f32(<2 x float> %vecinit2.i1250, <2 x float> %vecinit4.i1252, <2 x float> %320)
  %add.ptr14.i972 = getelementptr inbounds i8, ptr addrspace(3) %add.ptr450, i32 8
  %327 = load float, ptr addrspace(3) %add.ptr14.i972, align 8, !tbaa !73
  %vecinit.i1240 = insertelement <2 x float> poison, float %327, i64 0
  %arrayidx1.i1241 = getelementptr inbounds i8, ptr addrspace(3) %add.ptr450, i32 12
  %328 = load float, ptr addrspace(3) %arrayidx1.i1241, align 4, !tbaa !73
  %vecinit2.i1242 = insertelement <2 x float> %vecinit.i1240, float %328, i64 1
  %329 = tail call contract <2 x float> @llvm.mxc.pk.fma.f32(<2 x float> %vecinit2.i1242, <2 x float> %vecinit4.i1252, <2 x float> %321)
  %add.ptr16.i973 = getelementptr inbounds i8, ptr addrspace(3) %add.ptr450, i32 16
  %330 = load float, ptr addrspace(3) %add.ptr16.i973, align 16, !tbaa !73
  %vecinit.i1232 = insertelement <2 x float> poison, float %330, i64 0
  %arrayidx1.i1233 = getelementptr inbounds i8, ptr addrspace(3) %add.ptr450, i32 20
  %331 = load float, ptr addrspace(3) %arrayidx1.i1233, align 4, !tbaa !73
  %vecinit2.i1234 = insertelement <2 x float> %vecinit.i1232, float %331, i64 1
  %332 = tail call contract <2 x float> @llvm.mxc.pk.fma.f32(<2 x float> %vecinit2.i1234, <2 x float> %vecinit4.i1252, <2 x float> %322)
  %add.ptr18.i974 = getelementptr inbounds i8, ptr addrspace(3) %add.ptr450, i32 24
  %333 = load float, ptr addrspace(3) %add.ptr18.i974, align 8, !tbaa !73
  %vecinit.i1224 = insertelement <2 x float> poison, float %333, i64 0
  %arrayidx1.i1225 = getelementptr inbounds i8, ptr addrspace(3) %add.ptr450, i32 28
  %334 = load float, ptr addrspace(3) %arrayidx1.i1225, align 4, !tbaa !73
  %vecinit2.i1226 = insertelement <2 x float> %vecinit.i1224, float %334, i64 1
  %335 = tail call contract <2 x float> @llvm.mxc.pk.fma.f32(<2 x float> %vecinit2.i1226, <2 x float> %vecinit4.i1252, <2 x float> %323)
  %arrayidx453 = getelementptr inbounds [2 x float], ptr addrspace(3) getelementptr inbounds (i8, ptr addrspace(3) @_ZZ42paged_decode_case13_kv8_headpair_z8_kernelILb1ELb1ELb0ELb1ELb1EEvPK15__maca_bfloat16S2_S2_PS0_PKiS5_PfS6_S6_iiiifE9s_storage, i32 8192), i32 %add437
  %336 = load float, ptr addrspace(3) %arrayidx453, align 8, !tbaa !73
  %arrayidx457 = getelementptr inbounds i8, ptr addrspace(3) %arrayidx453, i32 4
  %337 = load float, ptr addrspace(3) %arrayidx457, align 4, !tbaa !73
  %add.ptr460.idx = shl nuw nsw i32 %add437, 9
  %add.ptr460 = getelementptr inbounds i8, ptr addrspace(3) @_ZZ42paged_decode_case13_kv8_headpair_z8_kernelILb1ELb1ELb0ELb1ELb1EEvPK15__maca_bfloat16S2_S2_PS0_PKiS5_PfS6_S6_iiiifE9s_storage, i32 %add.ptr460.idx
  %add.ptr463 = getelementptr inbounds float, ptr addrspace(3) %add.ptr460, i32 %mul448
  %338 = tail call contract noundef float @llvm.maxnum.f32(float %m1.4, float %336)
  %cmp.i = fcmp contract ogt float %l1.8, 0.000000e+00
  %sub.i = fsub contract float %m1.4, %338
  %339 = tail call contract float @llvm.exp2.f32(float %sub.i)
  %cond.i = select contract i1 %cmp.i, float %339, float 0.000000e+00
  %cmp1.i = fcmp contract ogt float %337, 0.000000e+00
  %sub3.i = fsub contract float %336, %338
  %340 = tail call contract float @llvm.exp2.f32(float %sub3.i)
  %cond6.i = select contract i1 %cmp1.i, float %340, float 0.000000e+00
  %mul.i = fmul contract float %l1.8, %cond.i
  %mul7.i = fmul contract float %337, %cond6.i
  %add.i = fadd contract float %mul.i, %mul7.i
  %vecinit3.i1080 = insertelement <2 x float> poison, float %cond.i, i64 0
  %vecinit4.i1081 = shufflevector <2 x float> %vecinit3.i1080, <2 x float> poison, <2 x i32> zeroinitializer
  %341 = tail call contract <2 x float> @llvm.mxc.pk.fma.f32(<2 x float> %acc1.sroa.0.7, <2 x float> %vecinit4.i1081, <2 x float> zeroinitializer)
  %342 = tail call contract <2 x float> @llvm.mxc.pk.fma.f32(<2 x float> %acc1.sroa.46.7, <2 x float> %vecinit4.i1081, <2 x float> zeroinitializer)
  %343 = tail call contract <2 x float> @llvm.mxc.pk.fma.f32(<2 x float> %acc1.sroa.89.7, <2 x float> %vecinit4.i1081, <2 x float> zeroinitializer)
  %344 = tail call contract <2 x float> @llvm.mxc.pk.fma.f32(<2 x float> %acc1.sroa.132.7, <2 x float> %vecinit4.i1081, <2 x float> zeroinitializer)
  %345 = load float, ptr addrspace(3) %add.ptr463, align 16, !tbaa !73
  %vecinit.i1280 = insertelement <2 x float> poison, float %345, i64 0
  %arrayidx1.i1281 = getelementptr inbounds i8, ptr addrspace(3) %add.ptr463, i32 4
  %346 = load float, ptr addrspace(3) %arrayidx1.i1281, align 4, !tbaa !73
  %vecinit2.i1282 = insertelement <2 x float> %vecinit.i1280, float %346, i64 1
  %vecinit3.i1283 = insertelement <2 x float> poison, float %cond6.i, i64 0
  %vecinit4.i1284 = shufflevector <2 x float> %vecinit3.i1283, <2 x float> poison, <2 x i32> zeroinitializer
  %347 = tail call contract <2 x float> @llvm.mxc.pk.fma.f32(<2 x float> %vecinit2.i1282, <2 x float> %vecinit4.i1284, <2 x float> %341)
  %add.ptr14.i = getelementptr inbounds i8, ptr addrspace(3) %add.ptr463, i32 8
  %348 = load float, ptr addrspace(3) %add.ptr14.i, align 8, !tbaa !73
  %vecinit.i1272 = insertelement <2 x float> poison, float %348, i64 0
  %arrayidx1.i1273 = getelementptr inbounds i8, ptr addrspace(3) %add.ptr463, i32 12
  %349 = load float, ptr addrspace(3) %arrayidx1.i1273, align 4, !tbaa !73
  %vecinit2.i1274 = insertelement <2 x float> %vecinit.i1272, float %349, i64 1
  %350 = tail call contract <2 x float> @llvm.mxc.pk.fma.f32(<2 x float> %vecinit2.i1274, <2 x float> %vecinit4.i1284, <2 x float> %342)
  %add.ptr16.i = getelementptr inbounds i8, ptr addrspace(3) %add.ptr463, i32 16
  %351 = load float, ptr addrspace(3) %add.ptr16.i, align 16, !tbaa !73
  %vecinit.i1264 = insertelement <2 x float> poison, float %351, i64 0
  %arrayidx1.i1265 = getelementptr inbounds i8, ptr addrspace(3) %add.ptr463, i32 20
  %352 = load float, ptr addrspace(3) %arrayidx1.i1265, align 4, !tbaa !73
  %vecinit2.i1266 = insertelement <2 x float> %vecinit.i1264, float %352, i64 1
  %353 = tail call contract <2 x float> @llvm.mxc.pk.fma.f32(<2 x float> %vecinit2.i1266, <2 x float> %vecinit4.i1284, <2 x float> %343)
  %add.ptr18.i = getelementptr inbounds i8, ptr addrspace(3) %add.ptr463, i32 24
  %354 = load float, ptr addrspace(3) %add.ptr18.i, align 8, !tbaa !73
  %vecinit.i1256 = insertelement <2 x float> poison, float %354, i64 0
  %arrayidx1.i1257 = getelementptr inbounds i8, ptr addrspace(3) %add.ptr463, i32 28
  %355 = load float, ptr addrspace(3) %arrayidx1.i1257, align 4, !tbaa !73
  %vecinit2.i1258 = insertelement <2 x float> %vecinit.i1256, float %355, i64 1
  %356 = tail call contract <2 x float> @llvm.mxc.pk.fma.f32(<2 x float> %vecinit2.i1258, <2 x float> %vecinit4.i1284, <2 x float> %344)
  br label %if.end464

if.end464:                                        ; preds = %if.then431, %if.end429
  %acc0.sroa.132.8 = phi <2 x float> [ %335, %if.then431 ], [ %acc0.sroa.132.7, %if.end429 ]
  %acc0.sroa.89.8 = phi <2 x float> [ %332, %if.then431 ], [ %acc0.sroa.89.7, %if.end429 ]
  %acc0.sroa.46.8 = phi <2 x float> [ %329, %if.then431 ], [ %acc0.sroa.46.7, %if.end429 ]
  %acc0.sroa.0.8 = phi <2 x float> [ %326, %if.then431 ], [ %acc0.sroa.0.7, %if.end429 ]
  %acc1.sroa.132.8 = phi <2 x float> [ %356, %if.then431 ], [ %acc1.sroa.132.7, %if.end429 ]
  %acc1.sroa.89.8 = phi <2 x float> [ %353, %if.then431 ], [ %acc1.sroa.89.7, %if.end429 ]
  %acc1.sroa.46.8 = phi <2 x float> [ %350, %if.then431 ], [ %acc1.sroa.46.7, %if.end429 ]
  %acc1.sroa.0.8 = phi <2 x float> [ %347, %if.then431 ], [ %acc1.sroa.0.7, %if.end429 ]
  %l1.9 = phi float [ %add.i, %if.then431 ], [ %l1.8, %if.end429 ]
  %l0.9 = phi float [ %add.i968, %if.then431 ], [ %l0.8, %if.end429 ]
  %m1.5 = phi float [ %338, %if.then431 ], [ %m1.4, %if.end429 ]
  %m0.5 = phi float [ %317, %if.then431 ], [ %m0.4, %if.end429 ]
  fence syncscope("block") release
  tail call void @llvm.mxc.barrier()
  fence syncscope("block") acquire
  br i1 %cmp430, label %if.then466, label %if.end473

if.then466:                                       ; preds = %if.end464
  %cmp467 = icmp eq i32 %2, 0
  %357 = tail call i32 @llvm.mxc.mbcnt.lo(i32 -1, i32 0) #24
  %358 = tail call noundef i32 @llvm.mxc.mbcnt.hi(i32 -1, i32 %357) #24
  %xor.i1730 = shl i32 %358, 2
  %shl.i1731 = xor i32 %xor.i1730, 128
  %359 = bitcast float %m0.5 to i32
  %360 = tail call i32 @llvm.mxc.bsm.bpermute(i32 %shl.i1731, i32 %359)
  %361 = tail call i32 @llvm.mxc.mbcnt.lo(i32 -1, i32 0) #24
  %362 = tail call noundef i32 @llvm.mxc.mbcnt.hi(i32 -1, i32 %361) #24
  %xor.i = shl i32 %362, 2
  %shl.i = xor i32 %xor.i, 128
  %363 = bitcast float %l0.9 to i32
  %364 = tail call i32 @llvm.mxc.bsm.bpermute(i32 %shl.i, i32 %363)
  br i1 %cmp467, label %if.then.i1716, label %_Z29merge_case13_final_wave_stateRfS_Pfb.exit1727

if.then.i1716:                                    ; preds = %if.then466
  %365 = bitcast i32 %364 to float
  %366 = bitcast i32 %360 to float
  %367 = tail call contract noundef float @llvm.maxnum.f32(float %m0.5, float %366)
  %cmp.i1718 = fcmp contract ogt float %l0.9, 0.000000e+00
  %sub.i1719 = fsub contract float %m0.5, %367
  %368 = tail call contract float @llvm.exp2.f32(float %sub.i1719)
  %cond.i1720 = select contract i1 %cmp.i1718, float %368, float 0.000000e+00
  %cmp3.i1721 = fcmp contract ogt float %365, 0.000000e+00
  %sub5.i1722 = fsub contract float %366, %367
  %369 = tail call contract float @llvm.exp2.f32(float %sub5.i1722)
  %cond8.i1723 = select contract i1 %cmp3.i1721, float %369, float 0.000000e+00
  %mul.i1724 = fmul contract float %l0.9, %cond.i1720
  %mul9.i1725 = fmul contract float %cond8.i1723, %365
  %add.i1726 = fadd contract float %mul.i1724, %mul9.i1725
  br label %_Z29merge_case13_final_wave_stateRfS_Pfb.exit1727

_Z29merge_case13_final_wave_stateRfS_Pfb.exit1727: ; preds = %if.then466, %if.then.i1716
  %l0.10 = phi float [ %add.i1726, %if.then.i1716 ], [ %l0.9, %if.then466 ]
  %m0.6 = phi float [ %367, %if.then.i1716 ], [ %m0.5, %if.then466 ]
  %peer_weight.0.i1711 = phi float [ %cond8.i1723, %if.then.i1716 ], [ 0.000000e+00, %if.then466 ]
  %own_weight.0.i1712 = phi float [ %cond.i1720, %if.then.i1716 ], [ 0.000000e+00, %if.then466 ]
  %370 = tail call i32 @llvm.mxc.mbcnt.lo(i32 -1, i32 0) #24
  %371 = tail call noundef i32 @llvm.mxc.mbcnt.hi(i32 -1, i32 %370) #24
  %xor.i18.i1781 = shl i32 %371, 2
  %shl.i19.i1782 = xor i32 %xor.i18.i1781, 128
  %bc = bitcast <2 x float> %acc0.sroa.0.8 to <2 x i32>
  %372 = extractelement <2 x i32> %bc, i64 0
  %373 = tail call i32 @llvm.mxc.bsm.bpermute(i32 %shl.i19.i1782, i32 %372)
  %374 = tail call i32 @llvm.mxc.mbcnt.lo(i32 -1, i32 0) #24
  %375 = tail call noundef i32 @llvm.mxc.mbcnt.hi(i32 -1, i32 %374) #24
  %xor.i.i1785 = shl i32 %375, 2
  %shl.i.i1786 = xor i32 %xor.i.i1785, 128
  %bc2706 = bitcast <2 x float> %acc0.sroa.0.8 to <2 x i32>
  %376 = extractelement <2 x i32> %bc2706, i64 1
  %377 = tail call i32 @llvm.mxc.bsm.bpermute(i32 %shl.i.i1786, i32 %376)
  br i1 %cmp467, label %if.then.i1788, label %_Z28merge_case13_final_wave_acc2Pfffb.exit1796

if.then.i1788:                                    ; preds = %_Z29merge_case13_final_wave_stateRfS_Pfb.exit1727
  %378 = bitcast i32 %377 to float
  %379 = bitcast i32 %373 to float
  %vecinit3.i.i1792 = insertelement <2 x float> poison, float %own_weight.0.i1712, i64 0
  %vecinit4.i.i1793 = shufflevector <2 x float> %vecinit3.i.i1792, <2 x float> poison, <2 x i32> zeroinitializer
  %380 = tail call contract <2 x float> @llvm.mxc.pk.fma.f32(<2 x float> %acc0.sroa.0.8, <2 x float> %vecinit4.i.i1793, <2 x float> zeroinitializer)
  %acc0.sroa.0.0.vec.extract = extractelement <2 x float> %380, i64 0
  %381 = tail call contract noundef float @llvm.fma.f32(float %379, float %peer_weight.0.i1711, float %acc0.sroa.0.0.vec.extract)
  %acc0.sroa.0.0.vec.insert = insertelement <2 x float> poison, float %381, i64 0
  %acc0.sroa.0.4.vec.extract2473 = extractelement <2 x float> %380, i64 1
  %382 = tail call contract noundef float @llvm.fma.f32(float %378, float %peer_weight.0.i1711, float %acc0.sroa.0.4.vec.extract2473)
  %acc0.sroa.0.4.vec.insert = insertelement <2 x float> %acc0.sroa.0.0.vec.insert, float %382, i64 1
  br label %_Z28merge_case13_final_wave_acc2Pfffb.exit1796

_Z28merge_case13_final_wave_acc2Pfffb.exit1796:   ; preds = %_Z29merge_case13_final_wave_stateRfS_Pfb.exit1727, %if.then.i1788
  %acc0.sroa.0.9 = phi <2 x float> [ %acc0.sroa.0.4.vec.insert, %if.then.i1788 ], [ %acc0.sroa.0.8, %_Z29merge_case13_final_wave_stateRfS_Pfb.exit1727 ]
  %383 = tail call i32 @llvm.mxc.mbcnt.lo(i32 -1, i32 0) #24
  %384 = tail call noundef i32 @llvm.mxc.mbcnt.hi(i32 -1, i32 %383) #24
  %xor.i18.i1764 = shl i32 %384, 2
  %shl.i19.i1765 = xor i32 %xor.i18.i1764, 128
  %bc2707 = bitcast <2 x float> %acc0.sroa.46.8 to <2 x i32>
  %385 = extractelement <2 x i32> %bc2707, i64 0
  %386 = tail call i32 @llvm.mxc.bsm.bpermute(i32 %shl.i19.i1765, i32 %385)
  %387 = tail call i32 @llvm.mxc.mbcnt.lo(i32 -1, i32 0) #24
  %388 = tail call noundef i32 @llvm.mxc.mbcnt.hi(i32 -1, i32 %387) #24
  %xor.i.i1768 = shl i32 %388, 2
  %shl.i.i1769 = xor i32 %xor.i.i1768, 128
  %bc2708 = bitcast <2 x float> %acc0.sroa.46.8 to <2 x i32>
  %389 = extractelement <2 x i32> %bc2708, i64 1
  %390 = tail call i32 @llvm.mxc.bsm.bpermute(i32 %shl.i.i1769, i32 %389)
  br i1 %cmp467, label %if.then.i1771, label %_Z28merge_case13_final_wave_acc2Pfffb.exit1779

if.then.i1771:                                    ; preds = %_Z28merge_case13_final_wave_acc2Pfffb.exit1796
  %391 = bitcast i32 %390 to float
  %392 = bitcast i32 %386 to float
  %vecinit3.i.i1775 = insertelement <2 x float> poison, float %own_weight.0.i1712, i64 0
  %vecinit4.i.i1776 = shufflevector <2 x float> %vecinit3.i.i1775, <2 x float> poison, <2 x i32> zeroinitializer
  %393 = tail call contract <2 x float> @llvm.mxc.pk.fma.f32(<2 x float> %acc0.sroa.46.8, <2 x float> %vecinit4.i.i1776, <2 x float> zeroinitializer)
  %acc0.sroa.46.8.vec.extract2502 = extractelement <2 x float> %393, i64 0
  %394 = tail call contract noundef float @llvm.fma.f32(float %392, float %peer_weight.0.i1711, float %acc0.sroa.46.8.vec.extract2502)
  %acc0.sroa.46.8.vec.insert = insertelement <2 x float> poison, float %394, i64 0
  %acc0.sroa.46.12.vec.extract2546 = extractelement <2 x float> %393, i64 1
  %395 = tail call contract noundef float @llvm.fma.f32(float %391, float %peer_weight.0.i1711, float %acc0.sroa.46.12.vec.extract2546)
  %acc0.sroa.46.12.vec.insert = insertelement <2 x float> %acc0.sroa.46.8.vec.insert, float %395, i64 1
  br label %_Z28merge_case13_final_wave_acc2Pfffb.exit1779

_Z28merge_case13_final_wave_acc2Pfffb.exit1779:   ; preds = %_Z28merge_case13_final_wave_acc2Pfffb.exit1796, %if.then.i1771
  %acc0.sroa.46.9 = phi <2 x float> [ %acc0.sroa.46.12.vec.insert, %if.then.i1771 ], [ %acc0.sroa.46.8, %_Z28merge_case13_final_wave_acc2Pfffb.exit1796 ]
  %396 = tail call i32 @llvm.mxc.mbcnt.lo(i32 -1, i32 0) #24
  %397 = tail call noundef i32 @llvm.mxc.mbcnt.hi(i32 -1, i32 %396) #24
  %xor.i18.i1747 = shl i32 %397, 2
  %shl.i19.i1748 = xor i32 %xor.i18.i1747, 128
  %bc2709 = bitcast <2 x float> %acc0.sroa.89.8 to <2 x i32>
  %398 = extractelement <2 x i32> %bc2709, i64 0
  %399 = tail call i32 @llvm.mxc.bsm.bpermute(i32 %shl.i19.i1748, i32 %398)
  %400 = tail call i32 @llvm.mxc.mbcnt.lo(i32 -1, i32 0) #24
  %401 = tail call noundef i32 @llvm.mxc.mbcnt.hi(i32 -1, i32 %400) #24
  %xor.i.i1751 = shl i32 %401, 2
  %shl.i.i1752 = xor i32 %xor.i.i1751, 128
  %bc2710 = bitcast <2 x float> %acc0.sroa.89.8 to <2 x i32>
  %402 = extractelement <2 x i32> %bc2710, i64 1
  %403 = tail call i32 @llvm.mxc.bsm.bpermute(i32 %shl.i.i1752, i32 %402)
  br i1 %cmp467, label %if.then.i1754, label %_Z28merge_case13_final_wave_acc2Pfffb.exit1762

if.then.i1754:                                    ; preds = %_Z28merge_case13_final_wave_acc2Pfffb.exit1779
  %404 = bitcast i32 %403 to float
  %405 = bitcast i32 %399 to float
  %vecinit3.i.i1758 = insertelement <2 x float> poison, float %own_weight.0.i1712, i64 0
  %vecinit4.i.i1759 = shufflevector <2 x float> %vecinit3.i.i1758, <2 x float> poison, <2 x i32> zeroinitializer
  %406 = tail call contract <2 x float> @llvm.mxc.pk.fma.f32(<2 x float> %acc0.sroa.89.8, <2 x float> %vecinit4.i.i1759, <2 x float> zeroinitializer)
  %acc0.sroa.89.16.vec.extract2560 = extractelement <2 x float> %406, i64 0
  %407 = tail call contract noundef float @llvm.fma.f32(float %405, float %peer_weight.0.i1711, float %acc0.sroa.89.16.vec.extract2560)
  %acc0.sroa.89.16.vec.insert = insertelement <2 x float> poison, float %407, i64 0
  %acc0.sroa.89.20.vec.extract2604 = extractelement <2 x float> %406, i64 1
  %408 = tail call contract noundef float @llvm.fma.f32(float %404, float %peer_weight.0.i1711, float %acc0.sroa.89.20.vec.extract2604)
  %acc0.sroa.89.20.vec.insert = insertelement <2 x float> %acc0.sroa.89.16.vec.insert, float %408, i64 1
  br label %_Z28merge_case13_final_wave_acc2Pfffb.exit1762

_Z28merge_case13_final_wave_acc2Pfffb.exit1762:   ; preds = %_Z28merge_case13_final_wave_acc2Pfffb.exit1779, %if.then.i1754
  %acc0.sroa.89.9 = phi <2 x float> [ %acc0.sroa.89.20.vec.insert, %if.then.i1754 ], [ %acc0.sroa.89.8, %_Z28merge_case13_final_wave_acc2Pfffb.exit1779 ]
  %409 = tail call i32 @llvm.mxc.mbcnt.lo(i32 -1, i32 0) #24
  %410 = tail call noundef i32 @llvm.mxc.mbcnt.hi(i32 -1, i32 %409) #24
  %xor.i18.i = shl i32 %410, 2
  %shl.i19.i = xor i32 %xor.i18.i, 128
  %bc2711 = bitcast <2 x float> %acc0.sroa.132.8 to <2 x i32>
  %411 = extractelement <2 x i32> %bc2711, i64 0
  %412 = tail call i32 @llvm.mxc.bsm.bpermute(i32 %shl.i19.i, i32 %411)
  %413 = tail call i32 @llvm.mxc.mbcnt.lo(i32 -1, i32 0) #24
  %414 = tail call noundef i32 @llvm.mxc.mbcnt.hi(i32 -1, i32 %413) #24
  %xor.i.i = shl i32 %414, 2
  %shl.i.i = xor i32 %xor.i.i, 128
  %bc2712 = bitcast <2 x float> %acc0.sroa.132.8 to <2 x i32>
  %415 = extractelement <2 x i32> %bc2712, i64 1
  %416 = tail call i32 @llvm.mxc.bsm.bpermute(i32 %shl.i.i, i32 %415)
  br i1 %cmp467, label %if.then.i1740, label %_Z28merge_case13_final_wave_acc2Pfffb.exit

if.then.i1740:                                    ; preds = %_Z28merge_case13_final_wave_acc2Pfffb.exit1762
  %417 = bitcast i32 %416 to float
  %418 = bitcast i32 %412 to float
  %vecinit3.i.i1744 = insertelement <2 x float> poison, float %own_weight.0.i1712, i64 0
  %vecinit4.i.i1745 = shufflevector <2 x float> %vecinit3.i.i1744, <2 x float> poison, <2 x i32> zeroinitializer
  %419 = tail call contract <2 x float> @llvm.mxc.pk.fma.f32(<2 x float> %acc0.sroa.132.8, <2 x float> %vecinit4.i.i1745, <2 x float> zeroinitializer)
  %acc0.sroa.132.24.vec.extract2618 = extractelement <2 x float> %419, i64 0
  %420 = tail call contract noundef float @llvm.fma.f32(float %418, float %peer_weight.0.i1711, float %acc0.sroa.132.24.vec.extract2618)
  %acc0.sroa.132.24.vec.insert = insertelement <2 x float> poison, float %420, i64 0
  %acc0.sroa.132.28.vec.extract2662 = extractelement <2 x float> %419, i64 1
  %421 = tail call contract noundef float @llvm.fma.f32(float %417, float %peer_weight.0.i1711, float %acc0.sroa.132.28.vec.extract2662)
  %acc0.sroa.132.28.vec.insert = insertelement <2 x float> %acc0.sroa.132.24.vec.insert, float %421, i64 1
  br label %_Z28merge_case13_final_wave_acc2Pfffb.exit

_Z28merge_case13_final_wave_acc2Pfffb.exit:       ; preds = %_Z28merge_case13_final_wave_acc2Pfffb.exit1762, %if.then.i1740
  %acc0.sroa.132.9 = phi <2 x float> [ %acc0.sroa.132.28.vec.insert, %if.then.i1740 ], [ %acc0.sroa.132.8, %_Z28merge_case13_final_wave_acc2Pfffb.exit1762 ]
  %422 = tail call i32 @llvm.mxc.mbcnt.lo(i32 -1, i32 0) #24
  %423 = tail call noundef i32 @llvm.mxc.mbcnt.hi(i32 -1, i32 %422) #24
  %xor.i1736 = shl i32 %423, 2
  %shl.i1737 = xor i32 %xor.i1736, 128
  %424 = bitcast float %m1.5 to i32
  %425 = tail call i32 @llvm.mxc.bsm.bpermute(i32 %shl.i1737, i32 %424)
  %426 = tail call i32 @llvm.mxc.mbcnt.lo(i32 -1, i32 0) #24
  %427 = tail call noundef i32 @llvm.mxc.mbcnt.hi(i32 -1, i32 %426) #24
  %xor.i1733 = shl i32 %427, 2
  %shl.i1734 = xor i32 %xor.i1733, 128
  %428 = bitcast float %l1.9 to i32
  %429 = tail call i32 @llvm.mxc.bsm.bpermute(i32 %shl.i1734, i32 %428)
  br i1 %cmp467, label %if.then.i1701, label %_Z29merge_case13_final_wave_stateRfS_Pfb.exit

if.then.i1701:                                    ; preds = %_Z28merge_case13_final_wave_acc2Pfffb.exit
  %430 = bitcast i32 %429 to float
  %431 = bitcast i32 %425 to float
  %432 = tail call contract noundef float @llvm.maxnum.f32(float %m1.5, float %431)
  %cmp.i1703 = fcmp contract ogt float %l1.9, 0.000000e+00
  %sub.i1704 = fsub contract float %m1.5, %432
  %433 = tail call contract float @llvm.exp2.f32(float %sub.i1704)
  %cond.i1705 = select contract i1 %cmp.i1703, float %433, float 0.000000e+00
  %cmp3.i = fcmp contract ogt float %430, 0.000000e+00
  %sub5.i = fsub contract float %431, %432
  %434 = tail call contract float @llvm.exp2.f32(float %sub5.i)
  %cond8.i = select contract i1 %cmp3.i, float %434, float 0.000000e+00
  %mul.i1706 = fmul contract float %l1.9, %cond.i1705
  %mul9.i = fmul contract float %cond8.i, %430
  %add.i1707 = fadd contract float %mul.i1706, %mul9.i
  br label %_Z29merge_case13_final_wave_stateRfS_Pfb.exit

_Z29merge_case13_final_wave_stateRfS_Pfb.exit:    ; preds = %_Z28merge_case13_final_wave_acc2Pfffb.exit, %if.then.i1701
  %l1.10 = phi float [ %add.i1707, %if.then.i1701 ], [ %l1.9, %_Z28merge_case13_final_wave_acc2Pfffb.exit ]
  %m1.6 = phi float [ %432, %if.then.i1701 ], [ %m1.5, %_Z28merge_case13_final_wave_acc2Pfffb.exit ]
  %peer_weight.0.i = phi float [ %cond8.i, %if.then.i1701 ], [ 0.000000e+00, %_Z28merge_case13_final_wave_acc2Pfffb.exit ]
  %own_weight.0.i = phi float [ %cond.i1705, %if.then.i1701 ], [ 0.000000e+00, %_Z28merge_case13_final_wave_acc2Pfffb.exit ]
  %435 = tail call i32 @llvm.mxc.mbcnt.lo(i32 -1, i32 0) #24
  %436 = tail call noundef i32 @llvm.mxc.mbcnt.hi(i32 -1, i32 %435) #24
  %xor.i18.i1849 = shl i32 %436, 2
  %shl.i19.i1850 = xor i32 %xor.i18.i1849, 128
  %bc2713 = bitcast <2 x float> %acc1.sroa.0.8 to <2 x i32>
  %437 = extractelement <2 x i32> %bc2713, i64 0
  %438 = tail call i32 @llvm.mxc.bsm.bpermute(i32 %shl.i19.i1850, i32 %437)
  %439 = tail call i32 @llvm.mxc.mbcnt.lo(i32 -1, i32 0) #24
  %440 = tail call noundef i32 @llvm.mxc.mbcnt.hi(i32 -1, i32 %439) #24
  %xor.i.i1853 = shl i32 %440, 2
  %shl.i.i1854 = xor i32 %xor.i.i1853, 128
  %bc2714 = bitcast <2 x float> %acc1.sroa.0.8 to <2 x i32>
  %441 = extractelement <2 x i32> %bc2714, i64 1
  %442 = tail call i32 @llvm.mxc.bsm.bpermute(i32 %shl.i.i1854, i32 %441)
  br i1 %cmp467, label %if.then.i1856, label %_Z28merge_case13_final_wave_acc2Pfffb.exit1864

if.then.i1856:                                    ; preds = %_Z29merge_case13_final_wave_stateRfS_Pfb.exit
  %443 = bitcast i32 %442 to float
  %444 = bitcast i32 %438 to float
  %vecinit3.i.i1860 = insertelement <2 x float> poison, float %own_weight.0.i, i64 0
  %vecinit4.i.i1861 = shufflevector <2 x float> %vecinit3.i.i1860, <2 x float> poison, <2 x i32> zeroinitializer
  %445 = tail call contract <2 x float> @llvm.mxc.pk.fma.f32(<2 x float> %acc1.sroa.0.8, <2 x float> %vecinit4.i.i1861, <2 x float> zeroinitializer)
  %acc1.sroa.0.0.vec.extract = extractelement <2 x float> %445, i64 0
  %446 = tail call contract noundef float @llvm.fma.f32(float %444, float %peer_weight.0.i, float %acc1.sroa.0.0.vec.extract)
  %acc1.sroa.0.0.vec.insert = insertelement <2 x float> poison, float %446, i64 0
  %acc1.sroa.0.4.vec.extract2241 = extractelement <2 x float> %445, i64 1
  %447 = tail call contract noundef float @llvm.fma.f32(float %443, float %peer_weight.0.i, float %acc1.sroa.0.4.vec.extract2241)
  %acc1.sroa.0.4.vec.insert = insertelement <2 x float> %acc1.sroa.0.0.vec.insert, float %447, i64 1
  br label %_Z28merge_case13_final_wave_acc2Pfffb.exit1864

_Z28merge_case13_final_wave_acc2Pfffb.exit1864:   ; preds = %_Z29merge_case13_final_wave_stateRfS_Pfb.exit, %if.then.i1856
  %acc1.sroa.0.9 = phi <2 x float> [ %acc1.sroa.0.4.vec.insert, %if.then.i1856 ], [ %acc1.sroa.0.8, %_Z29merge_case13_final_wave_stateRfS_Pfb.exit ]
  %448 = tail call i32 @llvm.mxc.mbcnt.lo(i32 -1, i32 0) #24
  %449 = tail call noundef i32 @llvm.mxc.mbcnt.hi(i32 -1, i32 %448) #24
  %xor.i18.i1832 = shl i32 %449, 2
  %shl.i19.i1833 = xor i32 %xor.i18.i1832, 128
  %bc2715 = bitcast <2 x float> %acc1.sroa.46.8 to <2 x i32>
  %450 = extractelement <2 x i32> %bc2715, i64 0
  %451 = tail call i32 @llvm.mxc.bsm.bpermute(i32 %shl.i19.i1833, i32 %450)
  %452 = tail call i32 @llvm.mxc.mbcnt.lo(i32 -1, i32 0) #24
  %453 = tail call noundef i32 @llvm.mxc.mbcnt.hi(i32 -1, i32 %452) #24
  %xor.i.i1836 = shl i32 %453, 2
  %shl.i.i1837 = xor i32 %xor.i.i1836, 128
  %bc2716 = bitcast <2 x float> %acc1.sroa.46.8 to <2 x i32>
  %454 = extractelement <2 x i32> %bc2716, i64 1
  %455 = tail call i32 @llvm.mxc.bsm.bpermute(i32 %shl.i.i1837, i32 %454)
  br i1 %cmp467, label %if.then.i1839, label %_Z28merge_case13_final_wave_acc2Pfffb.exit1847

if.then.i1839:                                    ; preds = %_Z28merge_case13_final_wave_acc2Pfffb.exit1864
  %456 = bitcast i32 %455 to float
  %457 = bitcast i32 %451 to float
  %vecinit3.i.i1843 = insertelement <2 x float> poison, float %own_weight.0.i, i64 0
  %vecinit4.i.i1844 = shufflevector <2 x float> %vecinit3.i.i1843, <2 x float> poison, <2 x i32> zeroinitializer
  %458 = tail call contract <2 x float> @llvm.mxc.pk.fma.f32(<2 x float> %acc1.sroa.46.8, <2 x float> %vecinit4.i.i1844, <2 x float> zeroinitializer)
  %acc1.sroa.46.8.vec.extract2270 = extractelement <2 x float> %458, i64 0
  %459 = tail call contract noundef float @llvm.fma.f32(float %457, float %peer_weight.0.i, float %acc1.sroa.46.8.vec.extract2270)
  %acc1.sroa.46.8.vec.insert = insertelement <2 x float> poison, float %459, i64 0
  %acc1.sroa.46.12.vec.extract2314 = extractelement <2 x float> %458, i64 1
  %460 = tail call contract noundef float @llvm.fma.f32(float %456, float %peer_weight.0.i, float %acc1.sroa.46.12.vec.extract2314)
  %acc1.sroa.46.12.vec.insert = insertelement <2 x float> %acc1.sroa.46.8.vec.insert, float %460, i64 1
  br label %_Z28merge_case13_final_wave_acc2Pfffb.exit1847

_Z28merge_case13_final_wave_acc2Pfffb.exit1847:   ; preds = %_Z28merge_case13_final_wave_acc2Pfffb.exit1864, %if.then.i1839
  %acc1.sroa.46.9 = phi <2 x float> [ %acc1.sroa.46.12.vec.insert, %if.then.i1839 ], [ %acc1.sroa.46.8, %_Z28merge_case13_final_wave_acc2Pfffb.exit1864 ]
  %461 = tail call i32 @llvm.mxc.mbcnt.lo(i32 -1, i32 0) #24
  %462 = tail call noundef i32 @llvm.mxc.mbcnt.hi(i32 -1, i32 %461) #24
  %xor.i18.i1815 = shl i32 %462, 2
  %shl.i19.i1816 = xor i32 %xor.i18.i1815, 128
  %bc2717 = bitcast <2 x float> %acc1.sroa.89.8 to <2 x i32>
  %463 = extractelement <2 x i32> %bc2717, i64 0
  %464 = tail call i32 @llvm.mxc.bsm.bpermute(i32 %shl.i19.i1816, i32 %463)
  %465 = tail call i32 @llvm.mxc.mbcnt.lo(i32 -1, i32 0) #24
  %466 = tail call noundef i32 @llvm.mxc.mbcnt.hi(i32 -1, i32 %465) #24
  %xor.i.i1819 = shl i32 %466, 2
  %shl.i.i1820 = xor i32 %xor.i.i1819, 128
  %bc2718 = bitcast <2 x float> %acc1.sroa.89.8 to <2 x i32>
  %467 = extractelement <2 x i32> %bc2718, i64 1
  %468 = tail call i32 @llvm.mxc.bsm.bpermute(i32 %shl.i.i1820, i32 %467)
  br i1 %cmp467, label %if.then.i1822, label %_Z28merge_case13_final_wave_acc2Pfffb.exit1830

if.then.i1822:                                    ; preds = %_Z28merge_case13_final_wave_acc2Pfffb.exit1847
  %469 = bitcast i32 %468 to float
  %470 = bitcast i32 %464 to float
  %vecinit3.i.i1826 = insertelement <2 x float> poison, float %own_weight.0.i, i64 0
  %vecinit4.i.i1827 = shufflevector <2 x float> %vecinit3.i.i1826, <2 x float> poison, <2 x i32> zeroinitializer
  %471 = tail call contract <2 x float> @llvm.mxc.pk.fma.f32(<2 x float> %acc1.sroa.89.8, <2 x float> %vecinit4.i.i1827, <2 x float> zeroinitializer)
  %acc1.sroa.89.16.vec.extract2328 = extractelement <2 x float> %471, i64 0
  %472 = tail call contract noundef float @llvm.fma.f32(float %470, float %peer_weight.0.i, float %acc1.sroa.89.16.vec.extract2328)
  %acc1.sroa.89.16.vec.insert = insertelement <2 x float> poison, float %472, i64 0
  %acc1.sroa.89.20.vec.extract2372 = extractelement <2 x float> %471, i64 1
  %473 = tail call contract noundef float @llvm.fma.f32(float %469, float %peer_weight.0.i, float %acc1.sroa.89.20.vec.extract2372)
  %acc1.sroa.89.20.vec.insert = insertelement <2 x float> %acc1.sroa.89.16.vec.insert, float %473, i64 1
  br label %_Z28merge_case13_final_wave_acc2Pfffb.exit1830

_Z28merge_case13_final_wave_acc2Pfffb.exit1830:   ; preds = %_Z28merge_case13_final_wave_acc2Pfffb.exit1847, %if.then.i1822
  %acc1.sroa.89.9 = phi <2 x float> [ %acc1.sroa.89.20.vec.insert, %if.then.i1822 ], [ %acc1.sroa.89.8, %_Z28merge_case13_final_wave_acc2Pfffb.exit1847 ]
  %474 = tail call i32 @llvm.mxc.mbcnt.lo(i32 -1, i32 0) #24
  %475 = tail call noundef i32 @llvm.mxc.mbcnt.hi(i32 -1, i32 %474) #24
  %xor.i18.i1798 = shl i32 %475, 2
  %shl.i19.i1799 = xor i32 %xor.i18.i1798, 128
  %bc2719 = bitcast <2 x float> %acc1.sroa.132.8 to <2 x i32>
  %476 = extractelement <2 x i32> %bc2719, i64 0
  %477 = tail call i32 @llvm.mxc.bsm.bpermute(i32 %shl.i19.i1799, i32 %476)
  %478 = tail call i32 @llvm.mxc.mbcnt.lo(i32 -1, i32 0) #24
  %479 = tail call noundef i32 @llvm.mxc.mbcnt.hi(i32 -1, i32 %478) #24
  %xor.i.i1802 = shl i32 %479, 2
  %shl.i.i1803 = xor i32 %xor.i.i1802, 128
  %bc2720 = bitcast <2 x float> %acc1.sroa.132.8 to <2 x i32>
  %480 = extractelement <2 x i32> %bc2720, i64 1
  %481 = tail call i32 @llvm.mxc.bsm.bpermute(i32 %shl.i.i1803, i32 %480)
  br i1 %cmp467, label %if.then.i1805, label %if.end473

if.then.i1805:                                    ; preds = %_Z28merge_case13_final_wave_acc2Pfffb.exit1830
  %482 = bitcast i32 %481 to float
  %483 = bitcast i32 %477 to float
  %vecinit3.i.i1809 = insertelement <2 x float> poison, float %own_weight.0.i, i64 0
  %vecinit4.i.i1810 = shufflevector <2 x float> %vecinit3.i.i1809, <2 x float> poison, <2 x i32> zeroinitializer
  %484 = tail call contract <2 x float> @llvm.mxc.pk.fma.f32(<2 x float> %acc1.sroa.132.8, <2 x float> %vecinit4.i.i1810, <2 x float> zeroinitializer)
  %acc1.sroa.132.24.vec.extract2386 = extractelement <2 x float> %484, i64 0
  %485 = tail call contract noundef float @llvm.fma.f32(float %483, float %peer_weight.0.i, float %acc1.sroa.132.24.vec.extract2386)
  %acc1.sroa.132.24.vec.insert = insertelement <2 x float> poison, float %485, i64 0
  %acc1.sroa.132.28.vec.extract2430 = extractelement <2 x float> %484, i64 1
  %486 = tail call contract noundef float @llvm.fma.f32(float %482, float %peer_weight.0.i, float %acc1.sroa.132.28.vec.extract2430)
  %acc1.sroa.132.28.vec.insert = insertelement <2 x float> %acc1.sroa.132.24.vec.insert, float %486, i64 1
  br label %if.end473

if.end473:                                        ; preds = %if.then.i1805, %_Z28merge_case13_final_wave_acc2Pfffb.exit1830, %if.end464
  %acc0.sroa.132.10 = phi <2 x float> [ %acc0.sroa.132.9, %if.then.i1805 ], [ %acc0.sroa.132.9, %_Z28merge_case13_final_wave_acc2Pfffb.exit1830 ], [ %acc0.sroa.132.8, %if.end464 ]
  %acc0.sroa.89.10 = phi <2 x float> [ %acc0.sroa.89.9, %if.then.i1805 ], [ %acc0.sroa.89.9, %_Z28merge_case13_final_wave_acc2Pfffb.exit1830 ], [ %acc0.sroa.89.8, %if.end464 ]
  %acc0.sroa.46.10 = phi <2 x float> [ %acc0.sroa.46.9, %if.then.i1805 ], [ %acc0.sroa.46.9, %_Z28merge_case13_final_wave_acc2Pfffb.exit1830 ], [ %acc0.sroa.46.8, %if.end464 ]
  %acc0.sroa.0.10 = phi <2 x float> [ %acc0.sroa.0.9, %if.then.i1805 ], [ %acc0.sroa.0.9, %_Z28merge_case13_final_wave_acc2Pfffb.exit1830 ], [ %acc0.sroa.0.8, %if.end464 ]
  %acc1.sroa.132.9 = phi <2 x float> [ %acc1.sroa.132.28.vec.insert, %if.then.i1805 ], [ %acc1.sroa.132.8, %_Z28merge_case13_final_wave_acc2Pfffb.exit1830 ], [ %acc1.sroa.132.8, %if.end464 ]
  %acc1.sroa.89.10 = phi <2 x float> [ %acc1.sroa.89.9, %if.then.i1805 ], [ %acc1.sroa.89.9, %_Z28merge_case13_final_wave_acc2Pfffb.exit1830 ], [ %acc1.sroa.89.8, %if.end464 ]
  %acc1.sroa.46.10 = phi <2 x float> [ %acc1.sroa.46.9, %if.then.i1805 ], [ %acc1.sroa.46.9, %_Z28merge_case13_final_wave_acc2Pfffb.exit1830 ], [ %acc1.sroa.46.8, %if.end464 ]
  %acc1.sroa.0.10 = phi <2 x float> [ %acc1.sroa.0.9, %if.then.i1805 ], [ %acc1.sroa.0.9, %_Z28merge_case13_final_wave_acc2Pfffb.exit1830 ], [ %acc1.sroa.0.8, %if.end464 ]
  %l1.11 = phi float [ %l1.10, %if.then.i1805 ], [ %l1.10, %_Z28merge_case13_final_wave_acc2Pfffb.exit1830 ], [ %l1.9, %if.end464 ]
  %l0.11 = phi float [ %l0.10, %if.then.i1805 ], [ %l0.10, %_Z28merge_case13_final_wave_acc2Pfffb.exit1830 ], [ %l0.9, %if.end464 ]
  %m1.7 = phi float [ %m1.6, %if.then.i1805 ], [ %m1.6, %_Z28merge_case13_final_wave_acc2Pfffb.exit1830 ], [ %m1.5, %if.end464 ]
  %m0.7 = phi float [ %m0.6, %if.then.i1805 ], [ %m0.6, %_Z28merge_case13_final_wave_acc2Pfffb.exit1830 ], [ %m0.5, %if.end464 ]
  %cmp474 = icmp eq i32 %2, 0
  br i1 %cmp474, label %if.then475, label %cleanup

if.then475:                                       ; preds = %if.end473
  %mul476 = mul nsw i32 %4, %batch_size
  %add477 = add nsw i32 %mul476, %shr
  %mul478 = shl nsw i32 %add477, 5
  %add479 = add nsw i32 %mul478, %add15
  %add483 = add nsw i32 %mul478, %add17
  %cmp484 = icmp eq i32 %0, 0
  br i1 %cmp484, label %if.then485, label %if.end493

if.then485:                                       ; preds = %if.then475
  %487 = tail call i32 @llvm.mxc.gethwreg(i32 2177)
  tail call void @llvm.mxc.sethwreg(i32 2177, i32 0), !noalias !202
  %488 = fptrunc float %m0.7 to half
  tail call void @llvm.mxc.sethwreg(i32 2177, i32 %487), !noalias !202
  %489 = tail call i32 @llvm.mxc.gethwreg(i32 2177)
  tail call void @llvm.mxc.sethwreg(i32 2177, i32 0), !noalias !202
  %490 = fptrunc float %l0.11 to half
  tail call void @llvm.mxc.sethwreg(i32 2177, i32 %489), !noalias !202
  %idx.ext486 = sext i32 %add479 to i64
  %add.ptr487 = getelementptr inbounds float, ptr addrspace(1) %partial_m.coerce, i64 %idx.ext486
  store half %488, ptr addrspace(1) %add.ptr487, align 4, !tbaa !16
  %add.ptr487.sroa_idx = getelementptr inbounds i8, ptr addrspace(1) %add.ptr487, i64 2
  store half %490, ptr addrspace(1) %add.ptr487.sroa_idx, align 2, !tbaa !16
  %491 = tail call i32 @llvm.mxc.gethwreg(i32 2177)
  tail call void @llvm.mxc.sethwreg(i32 2177, i32 0), !noalias !205
  %492 = fptrunc float %m1.7 to half
  tail call void @llvm.mxc.sethwreg(i32 2177, i32 %491), !noalias !205
  %493 = tail call i32 @llvm.mxc.gethwreg(i32 2177)
  tail call void @llvm.mxc.sethwreg(i32 2177, i32 0), !noalias !205
  %494 = fptrunc float %l1.11 to half
  tail call void @llvm.mxc.sethwreg(i32 2177, i32 %493), !noalias !205
  %idx.ext490 = sext i32 %add483 to i64
  %add.ptr491 = getelementptr inbounds float, ptr addrspace(1) %partial_m.coerce, i64 %idx.ext490
  store half %492, ptr addrspace(1) %add.ptr491, align 4, !tbaa !16
  %add.ptr491.sroa_idx = getelementptr inbounds i8, ptr addrspace(1) %add.ptr491, i64 2
  store half %494, ptr addrspace(1) %add.ptr491.sroa_idx, align 2, !tbaa !16
  br label %if.end493

if.end493:                                        ; preds = %if.then485, %if.then475
  %cmp494 = fcmp contract ogt float %l0.11, 0.000000e+00
  %div496 = fdiv contract float 1.000000e+00, %l0.11
  %cond499 = select contract i1 %cmp494, float %div496, float 0.000000e+00
  %cmp500 = fcmp contract ogt float %l1.11, 0.000000e+00
  %div502 = fdiv contract float 1.000000e+00, %l1.11
  %cond505 = select contract i1 %cmp500, float %div502, float 0.000000e+00
  %mul506 = shl nsw i32 %add479, 7
  %idx.ext507 = sext i32 %mul506 to i64
  %add.ptr508 = getelementptr inbounds %struct.__maca_bfloat16.1, ptr addrspace(1) %partial_acc.coerce, i64 %idx.ext507
  %mul509 = shl nuw nsw i32 %0, 3
  %idx.ext510 = zext nneg i32 %mul509 to i64
  %add.ptr511 = getelementptr inbounds %struct.__maca_bfloat16.1, ptr addrspace(1) %add.ptr508, i64 %idx.ext510
  %mul512 = shl nsw i32 %add483, 7
  %idx.ext513 = sext i32 %mul512 to i64
  %add.ptr514 = getelementptr inbounds %struct.__maca_bfloat16.1, ptr addrspace(1) %partial_acc.coerce, i64 %idx.ext513
  %add.ptr517 = getelementptr inbounds %struct.__maca_bfloat16.1, ptr addrspace(1) %add.ptr514, i64 %idx.ext510
  %acc0.sroa.0.0.vec.extract2466 = extractelement <2 x float> %acc0.sroa.0.10, i64 0
  %mul520 = fmul contract float %cond499, %acc0.sroa.0.0.vec.extract2466
  %acc0.sroa.0.4.vec.extract = extractelement <2 x float> %acc0.sroa.0.10, i64 1
  %mul522 = fmul contract float %cond499, %acc0.sroa.0.4.vec.extract
  %cmp.i.i.i = fcmp contract uno float %mul520, 0.000000e+00
  %495 = select i1 %cmp.i.i.i, float 0x7FFFE00000000000, float %mul520
  %496 = bitcast float %495 to i32
  %shr.i.i.i.i.i = lshr i32 %496, 16
  %and.i.i.i.i.i = and i32 %shr.i.i.i.i.i, 1
  %add.i.i.i.i.i = add i32 %496, 32767
  %add1.i.i.i.i.i = add i32 %add.i.i.i.i.i, %and.i.i.i.i.i
  %shr2.i.i.i.i.i = lshr i32 %add1.i.i.i.i.i, 16
  %conv.i.i.i.i.i = trunc nuw i32 %shr2.i.i.i.i.i to i16
  %cmp.i1.i.i = fcmp contract uno float %mul522, 0.000000e+00
  %497 = select i1 %cmp.i1.i.i, float 0x7FFFE00000000000, float %mul522
  %498 = bitcast float %497 to i32
  %shr.i.i.i2.i.i = lshr i32 %498, 16
  %and.i.i.i3.i.i = and i32 %shr.i.i.i2.i.i, 1
  %add.i.i.i4.i.i = add i32 %498, 32767
  %add1.i.i.i5.i.i = add i32 %add.i.i.i4.i.i, %and.i.i.i3.i.i
  %shr2.i.i.i6.i.i = lshr i32 %add1.i.i.i5.i.i, 16
  %conv.i.i.i7.i.i = trunc nuw i32 %shr2.i.i.i6.i.i to i16
  store i16 %conv.i.i.i.i.i, ptr addrspace(1) %add.ptr511, align 4, !tbaa !27
  %y3.i = getelementptr inbounds i8, ptr addrspace(1) %add.ptr511, i64 2
  store i16 %conv.i.i.i7.i.i, ptr addrspace(1) %y3.i, align 2, !tbaa !27
  %acc0.sroa.46.8.vec.extract = extractelement <2 x float> %acc0.sroa.46.10, i64 0
  %mul527 = fmul contract float %cond499, %acc0.sroa.46.8.vec.extract
  %acc0.sroa.46.12.vec.extract = extractelement <2 x float> %acc0.sroa.46.10, i64 1
  %mul529 = fmul contract float %cond499, %acc0.sroa.46.12.vec.extract
  %cmp.i.i.i1868 = fcmp contract uno float %mul527, 0.000000e+00
  %499 = select i1 %cmp.i.i.i1868, float 0x7FFFE00000000000, float %mul527
  %500 = bitcast float %499 to i32
  %shr.i.i.i.i.i1869 = lshr i32 %500, 16
  %and.i.i.i.i.i1870 = and i32 %shr.i.i.i.i.i1869, 1
  %add.i.i.i.i.i1871 = add i32 %500, 32767
  %add1.i.i.i.i.i1872 = add i32 %add.i.i.i.i.i1871, %and.i.i.i.i.i1870
  %shr2.i.i.i.i.i1873 = lshr i32 %add1.i.i.i.i.i1872, 16
  %conv.i.i.i.i.i1874 = trunc nuw i32 %shr2.i.i.i.i.i1873 to i16
  %cmp.i1.i.i1875 = fcmp contract uno float %mul529, 0.000000e+00
  %501 = select i1 %cmp.i1.i.i1875, float 0x7FFFE00000000000, float %mul529
  %502 = bitcast float %501 to i32
  %shr.i.i.i2.i.i1876 = lshr i32 %502, 16
  %and.i.i.i3.i.i1877 = and i32 %shr.i.i.i2.i.i1876, 1
  %add.i.i.i4.i.i1878 = add i32 %502, 32767
  %add1.i.i.i5.i.i1879 = add i32 %add.i.i.i4.i.i1878, %and.i.i.i3.i.i1877
  %shr2.i.i.i6.i.i1880 = lshr i32 %add1.i.i.i5.i.i1879, 16
  %conv.i.i.i7.i.i1881 = trunc nuw i32 %shr2.i.i.i6.i.i1880 to i16
  %arrayidx530 = getelementptr inbounds i8, ptr addrspace(1) %add.ptr511, i64 4
  store i16 %conv.i.i.i.i.i1874, ptr addrspace(1) %arrayidx530, align 4, !tbaa !27
  %y3.i1884 = getelementptr inbounds i8, ptr addrspace(1) %add.ptr511, i64 6
  store i16 %conv.i.i.i7.i.i1881, ptr addrspace(1) %y3.i1884, align 2, !tbaa !27
  %acc0.sroa.89.16.vec.extract = extractelement <2 x float> %acc0.sroa.89.10, i64 0
  %mul534 = fmul contract float %cond499, %acc0.sroa.89.16.vec.extract
  %acc0.sroa.89.20.vec.extract = extractelement <2 x float> %acc0.sroa.89.10, i64 1
  %mul536 = fmul contract float %cond499, %acc0.sroa.89.20.vec.extract
  %cmp.i.i.i1885 = fcmp contract uno float %mul534, 0.000000e+00
  %503 = select i1 %cmp.i.i.i1885, float 0x7FFFE00000000000, float %mul534
  %504 = bitcast float %503 to i32
  %shr.i.i.i.i.i1886 = lshr i32 %504, 16
  %and.i.i.i.i.i1887 = and i32 %shr.i.i.i.i.i1886, 1
  %add.i.i.i.i.i1888 = add i32 %504, 32767
  %add1.i.i.i.i.i1889 = add i32 %add.i.i.i.i.i1888, %and.i.i.i.i.i1887
  %shr2.i.i.i.i.i1890 = lshr i32 %add1.i.i.i.i.i1889, 16
  %conv.i.i.i.i.i1891 = trunc nuw i32 %shr2.i.i.i.i.i1890 to i16
  %cmp.i1.i.i1892 = fcmp contract uno float %mul536, 0.000000e+00
  %505 = select i1 %cmp.i1.i.i1892, float 0x7FFFE00000000000, float %mul536
  %506 = bitcast float %505 to i32
  %shr.i.i.i2.i.i1893 = lshr i32 %506, 16
  %and.i.i.i3.i.i1894 = and i32 %shr.i.i.i2.i.i1893, 1
  %add.i.i.i4.i.i1895 = add i32 %506, 32767
  %add1.i.i.i5.i.i1896 = add i32 %add.i.i.i4.i.i1895, %and.i.i.i3.i.i1894
  %shr2.i.i.i6.i.i1897 = lshr i32 %add1.i.i.i5.i.i1896, 16
  %conv.i.i.i7.i.i1898 = trunc nuw i32 %shr2.i.i.i6.i.i1897 to i16
  %arrayidx537 = getelementptr inbounds i8, ptr addrspace(1) %add.ptr511, i64 8
  store i16 %conv.i.i.i.i.i1891, ptr addrspace(1) %arrayidx537, align 4, !tbaa !27
  %y3.i1901 = getelementptr inbounds i8, ptr addrspace(1) %add.ptr511, i64 10
  store i16 %conv.i.i.i7.i.i1898, ptr addrspace(1) %y3.i1901, align 2, !tbaa !27
  %acc0.sroa.132.24.vec.extract = extractelement <2 x float> %acc0.sroa.132.10, i64 0
  %mul541 = fmul contract float %cond499, %acc0.sroa.132.24.vec.extract
  %acc0.sroa.132.28.vec.extract = extractelement <2 x float> %acc0.sroa.132.10, i64 1
  %mul543 = fmul contract float %cond499, %acc0.sroa.132.28.vec.extract
  %cmp.i.i.i1902 = fcmp contract uno float %mul541, 0.000000e+00
  %507 = select i1 %cmp.i.i.i1902, float 0x7FFFE00000000000, float %mul541
  %508 = bitcast float %507 to i32
  %shr.i.i.i.i.i1903 = lshr i32 %508, 16
  %and.i.i.i.i.i1904 = and i32 %shr.i.i.i.i.i1903, 1
  %add.i.i.i.i.i1905 = add i32 %508, 32767
  %add1.i.i.i.i.i1906 = add i32 %add.i.i.i.i.i1905, %and.i.i.i.i.i1904
  %shr2.i.i.i.i.i1907 = lshr i32 %add1.i.i.i.i.i1906, 16
  %conv.i.i.i.i.i1908 = trunc nuw i32 %shr2.i.i.i.i.i1907 to i16
  %cmp.i1.i.i1909 = fcmp contract uno float %mul543, 0.000000e+00
  %509 = select i1 %cmp.i1.i.i1909, float 0x7FFFE00000000000, float %mul543
  %510 = bitcast float %509 to i32
  %shr.i.i.i2.i.i1910 = lshr i32 %510, 16
  %and.i.i.i3.i.i1911 = and i32 %shr.i.i.i2.i.i1910, 1
  %add.i.i.i4.i.i1912 = add i32 %510, 32767
  %add1.i.i.i5.i.i1913 = add i32 %add.i.i.i4.i.i1912, %and.i.i.i3.i.i1911
  %shr2.i.i.i6.i.i1914 = lshr i32 %add1.i.i.i5.i.i1913, 16
  %conv.i.i.i7.i.i1915 = trunc nuw i32 %shr2.i.i.i6.i.i1914 to i16
  %arrayidx544 = getelementptr inbounds i8, ptr addrspace(1) %add.ptr511, i64 12
  store i16 %conv.i.i.i.i.i1908, ptr addrspace(1) %arrayidx544, align 4, !tbaa !27
  %y3.i1918 = getelementptr inbounds i8, ptr addrspace(1) %add.ptr511, i64 14
  store i16 %conv.i.i.i7.i.i1915, ptr addrspace(1) %y3.i1918, align 2, !tbaa !27
  %acc1.sroa.0.0.vec.extract2234 = extractelement <2 x float> %acc1.sroa.0.10, i64 0
  %mul548 = fmul contract float %cond505, %acc1.sroa.0.0.vec.extract2234
  %acc1.sroa.0.4.vec.extract = extractelement <2 x float> %acc1.sroa.0.10, i64 1
  %mul550 = fmul contract float %cond505, %acc1.sroa.0.4.vec.extract
  %cmp.i.i.i1919 = fcmp contract uno float %mul548, 0.000000e+00
  %511 = select i1 %cmp.i.i.i1919, float 0x7FFFE00000000000, float %mul548
  %512 = bitcast float %511 to i32
  %shr.i.i.i.i.i1920 = lshr i32 %512, 16
  %and.i.i.i.i.i1921 = and i32 %shr.i.i.i.i.i1920, 1
  %add.i.i.i.i.i1922 = add i32 %512, 32767
  %add1.i.i.i.i.i1923 = add i32 %add.i.i.i.i.i1922, %and.i.i.i.i.i1921
  %shr2.i.i.i.i.i1924 = lshr i32 %add1.i.i.i.i.i1923, 16
  %conv.i.i.i.i.i1925 = trunc nuw i32 %shr2.i.i.i.i.i1924 to i16
  %cmp.i1.i.i1926 = fcmp contract uno float %mul550, 0.000000e+00
  %513 = select i1 %cmp.i1.i.i1926, float 0x7FFFE00000000000, float %mul550
  %514 = bitcast float %513 to i32
  %shr.i.i.i2.i.i1927 = lshr i32 %514, 16
  %and.i.i.i3.i.i1928 = and i32 %shr.i.i.i2.i.i1927, 1
  %add.i.i.i4.i.i1929 = add i32 %514, 32767
  %add1.i.i.i5.i.i1930 = add i32 %add.i.i.i4.i.i1929, %and.i.i.i3.i.i1928
  %shr2.i.i.i6.i.i1931 = lshr i32 %add1.i.i.i5.i.i1930, 16
  %conv.i.i.i7.i.i1932 = trunc nuw i32 %shr2.i.i.i6.i.i1931 to i16
  store i16 %conv.i.i.i.i.i1925, ptr addrspace(1) %add.ptr517, align 4, !tbaa !27
  %y3.i1935 = getelementptr inbounds i8, ptr addrspace(1) %add.ptr517, i64 2
  store i16 %conv.i.i.i7.i.i1932, ptr addrspace(1) %y3.i1935, align 2, !tbaa !27
  %acc1.sroa.46.8.vec.extract = extractelement <2 x float> %acc1.sroa.46.10, i64 0
  %mul555 = fmul contract float %cond505, %acc1.sroa.46.8.vec.extract
  %acc1.sroa.46.12.vec.extract = extractelement <2 x float> %acc1.sroa.46.10, i64 1
  %mul557 = fmul contract float %cond505, %acc1.sroa.46.12.vec.extract
  %cmp.i.i.i1936 = fcmp contract uno float %mul555, 0.000000e+00
  %515 = select i1 %cmp.i.i.i1936, float 0x7FFFE00000000000, float %mul555
  %516 = bitcast float %515 to i32
  %shr.i.i.i.i.i1937 = lshr i32 %516, 16
  %and.i.i.i.i.i1938 = and i32 %shr.i.i.i.i.i1937, 1
  %add.i.i.i.i.i1939 = add i32 %516, 32767
  %add1.i.i.i.i.i1940 = add i32 %add.i.i.i.i.i1939, %and.i.i.i.i.i1938
  %shr2.i.i.i.i.i1941 = lshr i32 %add1.i.i.i.i.i1940, 16
  %conv.i.i.i.i.i1942 = trunc nuw i32 %shr2.i.i.i.i.i1941 to i16
  %cmp.i1.i.i1943 = fcmp contract uno float %mul557, 0.000000e+00
  %517 = select i1 %cmp.i1.i.i1943, float 0x7FFFE00000000000, float %mul557
  %518 = bitcast float %517 to i32
  %shr.i.i.i2.i.i1944 = lshr i32 %518, 16
  %and.i.i.i3.i.i1945 = and i32 %shr.i.i.i2.i.i1944, 1
  %add.i.i.i4.i.i1946 = add i32 %518, 32767
  %add1.i.i.i5.i.i1947 = add i32 %add.i.i.i4.i.i1946, %and.i.i.i3.i.i1945
  %shr2.i.i.i6.i.i1948 = lshr i32 %add1.i.i.i5.i.i1947, 16
  %conv.i.i.i7.i.i1949 = trunc nuw i32 %shr2.i.i.i6.i.i1948 to i16
  %arrayidx558 = getelementptr inbounds i8, ptr addrspace(1) %add.ptr517, i64 4
  store i16 %conv.i.i.i.i.i1942, ptr addrspace(1) %arrayidx558, align 4, !tbaa !27
  %y3.i1952 = getelementptr inbounds i8, ptr addrspace(1) %add.ptr517, i64 6
  store i16 %conv.i.i.i7.i.i1949, ptr addrspace(1) %y3.i1952, align 2, !tbaa !27
  %acc1.sroa.89.16.vec.extract = extractelement <2 x float> %acc1.sroa.89.10, i64 0
  %mul562 = fmul contract float %cond505, %acc1.sroa.89.16.vec.extract
  %acc1.sroa.89.20.vec.extract = extractelement <2 x float> %acc1.sroa.89.10, i64 1
  %mul564 = fmul contract float %cond505, %acc1.sroa.89.20.vec.extract
  %cmp.i.i.i1953 = fcmp contract uno float %mul562, 0.000000e+00
  %519 = select i1 %cmp.i.i.i1953, float 0x7FFFE00000000000, float %mul562
  %520 = bitcast float %519 to i32
  %shr.i.i.i.i.i1954 = lshr i32 %520, 16
  %and.i.i.i.i.i1955 = and i32 %shr.i.i.i.i.i1954, 1
  %add.i.i.i.i.i1956 = add i32 %520, 32767
  %add1.i.i.i.i.i1957 = add i32 %add.i.i.i.i.i1956, %and.i.i.i.i.i1955
  %shr2.i.i.i.i.i1958 = lshr i32 %add1.i.i.i.i.i1957, 16
  %conv.i.i.i.i.i1959 = trunc nuw i32 %shr2.i.i.i.i.i1958 to i16
  %cmp.i1.i.i1960 = fcmp contract uno float %mul564, 0.000000e+00
  %521 = select i1 %cmp.i1.i.i1960, float 0x7FFFE00000000000, float %mul564
  %522 = bitcast float %521 to i32
  %shr.i.i.i2.i.i1961 = lshr i32 %522, 16
  %and.i.i.i3.i.i1962 = and i32 %shr.i.i.i2.i.i1961, 1
  %add.i.i.i4.i.i1963 = add i32 %522, 32767
  %add1.i.i.i5.i.i1964 = add i32 %add.i.i.i4.i.i1963, %and.i.i.i3.i.i1962
  %shr2.i.i.i6.i.i1965 = lshr i32 %add1.i.i.i5.i.i1964, 16
  %conv.i.i.i7.i.i1966 = trunc nuw i32 %shr2.i.i.i6.i.i1965 to i16
  %arrayidx565 = getelementptr inbounds i8, ptr addrspace(1) %add.ptr517, i64 8
  store i16 %conv.i.i.i.i.i1959, ptr addrspace(1) %arrayidx565, align 4, !tbaa !27
  %y3.i1969 = getelementptr inbounds i8, ptr addrspace(1) %add.ptr517, i64 10
  store i16 %conv.i.i.i7.i.i1966, ptr addrspace(1) %y3.i1969, align 2, !tbaa !27
  %acc1.sroa.132.24.vec.extract = extractelement <2 x float> %acc1.sroa.132.9, i64 0
  %mul569 = fmul contract float %cond505, %acc1.sroa.132.24.vec.extract
  %acc1.sroa.132.28.vec.extract = extractelement <2 x float> %acc1.sroa.132.9, i64 1
  %mul571 = fmul contract float %cond505, %acc1.sroa.132.28.vec.extract
  %cmp.i.i.i1970 = fcmp contract uno float %mul569, 0.000000e+00
  %523 = select i1 %cmp.i.i.i1970, float 0x7FFFE00000000000, float %mul569
  %524 = bitcast float %523 to i32
  %shr.i.i.i.i.i1971 = lshr i32 %524, 16
  %and.i.i.i.i.i1972 = and i32 %shr.i.i.i.i.i1971, 1
  %add.i.i.i.i.i1973 = add i32 %524, 32767
  %add1.i.i.i.i.i1974 = add i32 %add.i.i.i.i.i1973, %and.i.i.i.i.i1972
  %shr2.i.i.i.i.i1975 = lshr i32 %add1.i.i.i.i.i1974, 16
  %conv.i.i.i.i.i1976 = trunc nuw i32 %shr2.i.i.i.i.i1975 to i16
  %cmp.i1.i.i1977 = fcmp contract uno float %mul571, 0.000000e+00
  %525 = select i1 %cmp.i1.i.i1977, float 0x7FFFE00000000000, float %mul571
  %526 = bitcast float %525 to i32
  %shr.i.i.i2.i.i1978 = lshr i32 %526, 16
  %and.i.i.i3.i.i1979 = and i32 %shr.i.i.i2.i.i1978, 1
  %add.i.i.i4.i.i1980 = add i32 %526, 32767
  %add1.i.i.i5.i.i1981 = add i32 %add.i.i.i4.i.i1980, %and.i.i.i3.i.i1979
  %shr2.i.i.i6.i.i1982 = lshr i32 %add1.i.i.i5.i.i1981, 16
  %conv.i.i.i7.i.i1983 = trunc nuw i32 %shr2.i.i.i6.i.i1982 to i16
  %arrayidx572 = getelementptr inbounds i8, ptr addrspace(1) %add.ptr517, i64 12
  store i16 %conv.i.i.i.i.i1976, ptr addrspace(1) %arrayidx572, align 4, !tbaa !27
  %y3.i1986 = getelementptr inbounds i8, ptr addrspace(1) %add.ptr517, i64 14
  store i16 %conv.i.i.i7.i.i1983, ptr addrspace(1) %y3.i1986, align 2, !tbaa !27
  br label %cleanup

cleanup:                                          ; preds = %if.end473, %if.end493, %land.end
  ret void
}
